-- phpMyAdmin SQL Dump
-- version 4.1.14
-- http://www.phpmyadmin.net
--
-- Host: 127.0.0.1
-- Generation Time: Nov 22, 2015 at 06:46 AM
-- Server version: 5.6.17
-- PHP Version: 5.5.12

SET SQL_MODE = "NO_AUTO_VALUE_ON_ZERO";
SET time_zone = "+00:00";


/*!40101 SET @OLD_CHARACTER_SET_CLIENT=@@CHARACTER_SET_CLIENT */;
/*!40101 SET @OLD_CHARACTER_SET_RESULTS=@@CHARACTER_SET_RESULTS */;
/*!40101 SET @OLD_COLLATION_CONNECTION=@@COLLATION_CONNECTION */;
/*!40101 SET NAMES utf8 */;

--
-- Database: `horrordb`
--

-- --------------------------------------------------------

--
-- Table structure for table `tbl_cat`
--

CREATE TABLE IF NOT EXISTS `tbl_cat` (
  `cat_id` smallint(4) unsigned NOT NULL AUTO_INCREMENT,
  `cat_name` varchar(30) NOT NULL,
  `cat_img` varchar(50) NOT NULL,
  PRIMARY KEY (`cat_id`)
) ENGINE=InnoDB  DEFAULT CHARSET=latin1 AUTO_INCREMENT=7 ;

--
-- Dumping data for table `tbl_cat`
--

INSERT INTO `tbl_cat` (`cat_id`, `cat_name`, `cat_img`) VALUES
(1, 'Horror', 'images/horror.png'),
(2, 'Thriller', 'images/thriller.png'),
(3, 'Mystery', 'images/mystery.png'),
(4, 'Crime', 'images/crime.png'),
(5, 'Drama', 'images/drama.png'),
(6, 'Scifi', 'images/scifi.png');

-- --------------------------------------------------------

--
-- Table structure for table `tbl_killers`
--

CREATE TABLE IF NOT EXISTS `tbl_killers` (
  `killer_id` smallint(4) unsigned NOT NULL AUTO_INCREMENT,
  `killer_img` varchar(100) NOT NULL,
  `killer_thumb` varchar(100) NOT NULL,
  `killer_name` varchar(25) NOT NULL,
  `killer_stat1` varchar(50) NOT NULL,
  `killer_famous` varchar(50) NOT NULL,
  `killer_stat2` varchar(50) NOT NULL,
  `killer_history` text NOT NULL,
  `killer_stat3` varchar(50) NOT NULL,
  `killer_victim` text NOT NULL,
  `killer_stat4` varchar(50) NOT NULL,
  `killer_height` varchar(50) NOT NULL,
  `killer_stat5` varchar(50) NOT NULL,
  `killer_weight` varchar(50) NOT NULL,
  `killer_stat6` varchar(50) NOT NULL,
  `killer_weapon` varchar(50) NOT NULL,
  `killer_stat7` varchar(50) NOT NULL,
  `killer_kills` varchar(50) NOT NULL,
  `killer_stat8` varchar(50) NOT NULL,
  `killer_movies` text NOT NULL,
  `killer_stat9` varchar(50) NOT NULL,
  `killer_desc` text NOT NULL,
  PRIMARY KEY (`killer_id`)
) ENGINE=InnoDB  DEFAULT CHARSET=latin1 AUTO_INCREMENT=9 ;

--
-- Dumping data for table `tbl_killers`
--

INSERT INTO `tbl_killers` (`killer_id`, `killer_img`, `killer_thumb`, `killer_name`, `killer_stat1`, `killer_famous`, `killer_stat2`, `killer_history`, `killer_stat3`, `killer_victim`, `killer_stat4`, `killer_height`, `killer_stat5`, `killer_weight`, `killer_stat6`, `killer_weapon`, `killer_stat7`, `killer_kills`, `killer_stat8`, `killer_movies`, `killer_stat9`, `killer_desc`) VALUES
(1, 'images/killers/jason.jpg', 'images/killers/jasonThumb.jpg', 'Jason Voorhees', 'Famous for', 'Friday the 13th', 'History', 'Mommy''s boy and legendary Crystal Lake ''Slasher'', Jason was the multihomicidal main character of the Friday The 13th franchise. Seeking for vengeance, Jason is considered the most brutal mass killer of all time in the film world.', 'First Victim', 'Alice L. Hardy is the original protagonist of Friday the 13th. Alice was a budding artist and one of the counselors hired at Camp Crystal Lake in 1979. Alice was the killer of Pamela Voorhees and the sole survivor of her killing spree in 1979, and was the first victim of Jason Voorhees. ', 'Height', '6''3"', 'Weight', '250 lbs', 'Weapon of Choice', 'Machete and sometimes his brute strength.', 'Number of Victims', '158 victims', 'List of Films', 'Friday the 13th (1980)<br>Friday the 13th Part II (1981)<br>Friday the 13th Part III (1982)<br>Friday the 13th Part IV: The Final Chapter (1984)<br>\nFriday the 13th Part V: A New Beginning (1985)<br>Friday the 13th Part VI: Jason Lives (1986)<br>Friday the 13th Part VII: The New Blood (1988)<br>Friday the 13th Part VIII: Jason Takes Manhattan (1989) <br>Jason goes to Hell: The Final Friday (1993)<br>Jason X (2002)<br>Freddy vs. Jason (2003)<br>Friday the 13th (2009)', 'Killer Description', 'Pamela wanted young Jason to have all of the fun and experiences the other children had, and wanted nothing more than for him to be happy. So one year she allowed little Jason to join a summer camp, at Camp Crystal Lake, Where she worked as the cook. However one fateful day, the two counselors on duty who were meant to be supervising the young campers, left their duties to have sex. While the counselors were having indulging their carnal desires, little Jason was chased down to the Lake by the other kids who threw him. However, Jason didn''t know how to swim, and without any adult supervision he drowned. This was something whom his mother could not forgive. Hearing the voice of her dead son, drove her to murderous madness. She went on to kill many camp counselors, in the name of her son who rested at the bottom of the Crystal Lake. One fateful night however, a Camp Counselor by the name of Alice fought back, decapitating Pamela with her own machete. That night Jason witnessed his mother die, bringing life back into his cold rotting corpse, he would avenge his mother''s death. Thus, Jason not only has suffered the abuse, ridicule and humiliation that others caused him throughout his whole childhood, also he suffered the murder of the only person who loved him: his mother. Because of this, Jason developed an animadversion so hellish that killed, without any distinction (except children), all those who invaded his territory.'),
(2, 'images/killers/michael.jpg', 'images/killers/jasonThumb.jpg', 'Michael Myers', 'Famous for', 'Halloween', 'History', 'A seemingly normal American boy, Michael Myers picks up a knife at the age of 6 and systematically butchers his older sister Judith in pure malice. Years later, he escapes an asylum to kill and hunt down anyone connected to him, including his little sister Laurie Strode.', 'First Victim', 'On October 31, 1963, Michael committed his first act of murder. His parents were away, and he was at home with his sister Judith who was supposed to be babysitting him, but cared more about spending an intimate moment with her boyfriend, Danny. After Danny left, Michael, dressed in a clown costume, went into the kitchen, picked up a butcher knife, walked up the steps and stabbed Judith to death. He then quietly walked back downstairs and into the front yard where he waited for his parents and the police to collect him. Michael was taken to Smith''s Grove Sanitarium where he became the patient of a psychiatrist named Doctor Sam Loomis. He spent fifteen years with Doctor Loomis, barely moving, never speaking a word.', 'Height', '6''4"', 'Weight', '230 lbs', 'Weapon of Choice', 'Kitchen Knife', 'Number of Victims', '111 victims', 'List of Films', 'Halloween (1978)<br>Halloween II (1981)<br>Halloween 4: The Return of Michael Myers (1988)<br>Halloween 5: The Revenge of Michael Myers (1989)<br>Halloween 6: The Curse of Michael Myers (1995)<br>Halloween H20: Twenty Years Later (1998)<br>Halloween: Resurrection (2002)<br>Halloween (2007)<br>Halloween 2 (2008)', 'Killer Description', 'Michael Audrey Myers was born on October 19, 1957. He had an older sister named Judith and a younger sister. The family resided in a two-story house at 45 Lampkin Lane in the suburban town of Haddonfield, Illinois. By 1963, when Michael was six-years-old, he claimed to have suffered from bizarre, inexplicable nightmares and heard a "voice" in his head that would tell him to do things. The voices "tell me to say I hate people", says Michael. His dreams were filled with images of actual events that took place several centuries ago at the dawn of the Celtic age. He dreamed of a disfigured fifteen-year-old boy named Enda who, after being rejected by his true love Deirdre, brutally murdered her during the feast of Samhain, on what would later be called Halloween night. These visions would have a greater impact on Michael later on in his life.'),
(3, 'images/killers/texas.jpg', 'images/killers/jasonThumb.jpg', 'Leatherface', 'Famous for', 'Texas Chainsaw Massacre', 'History', 'The most iconic member of the cannibalistic Sawyer clan (Hewitt clan in the remake) Leatherface is best known for maniacally wielding a chainsaw and wearing a mask made out of human skin and a butcher''s apron.', 'First Victim', 'Despite being heavily touted as "inspired by a true story," both Tobe Hooper''s original 1974 film and the 2003 Marcus Nispel remake are only lightly based on the real-life murderer Ed Gein, who is suspected to have taken several victims between 1954 and 1957. Perhaps the most recognizable similarity is the film''s house, whose gruesome content was similar to that found in Ed Gein''s home in 1957.', 'Height', '5''11"', 'Weight', '280 lbs', 'Weapon of Choice', 'Chainsaw', 'Number of Victims', 'Cannibals eat a lot!', 'List of Films', 'The Texas Chainsaw Massacre (1974)<br>\nThe Texas Chainsaw Massacre 2 (1986)<br>\nLeatherface: Texas Chainsaw Massacre III (1990)<br>\nThe Texas Chainsaw Massacre: The Next Generation (1994/1997)<br>\nThe Texas Chainsaw Massacre (2003)<br>\nThe Texas Chainsaw Massacre: The Beginning (2006)', 'Killer Description', 'Leatherface continuing the good work he did in the family abattoir likes to kill his victims then hang and cut them up on meat hooks. One of the most horrific scenes in the original film showed Leatherface hanging Sally up on a hook while he finished off her boyfriend. As stated above, Thomas dearly misses the work he undertook at the abattoir, perhaps the only place he felt useful and a sense of belonging. His treatment of his victims displays this disappointment as he makes excited noises and imitates the screams of his victims, like he used to do with the cattle. He swaps between knife and hammer to kill his victims, smashing in their heads as he did with the cattle, then chopping up the bodies and passing on the meat to his brother Drayton.'),
(4, 'images/killers/freddy.jpg', 'images/killers/jasonThumb.jpg', 'Freddy Krueger', 'Famous for', 'The Nightmare on Elm Street', 'History', 'A murdered child killer who torments his teenage victims in their dreams. You are not safe when you sleep.', 'First Victim', 'Years after Freddy''s physical death, and after his daughter is taken away and all records of her true identity are done away with, a new family moves into Freddy''s old house... 1428 Elm Street. It was always in this house where Freddy committed most of his murders. Through the use of Nancy Thompson Freddy kills teens through their dreams and most of all their fears. He used their souls to strengthen his powers and their fear of him to live on through their dreams. For ten years he continued his slaughter of teens, each time seemingly defeated by teens with unusual dream powers. He survived until he found his daughter. Katheryn managed to pull Freddy out of her dream. With the help of a few friends she managed to "finally kill Freddy".', 'Height', '5''8"', 'Weight', '160 lbs', 'Weapon of Choice', 'A glove wielding four 10" blades.', 'Number of Victims', '43 victims', 'List of Films', 'A Nightmare on Elm Street (1984)<br>\nA Nightmare on Elm Street 2: Freddys Revenge (1985)<br>\nA Nightmare on Elm Street 3: Dream Warriors (1987)<br>\nA Nightmare on Elm Street 4: The Dream Master (1988)<br>\nA Nightmare on Elm Street 5: The Dream Child (1989)<br>\nFreddy is Dead: The Final Nightmare (1991)<br>\nNew Nightmare (1994)<br>\nFreddy vs. Jason (2003)<br>\nA Nightmare on Elm Street (2010)', 'Killer Description', 'Amanda Krueger was a nurse at the local state hospital. When counting the inmates before the lock down for the Christmas holiday, Amanda was accidentally locked in a room of 100 inmates. When everyone found her, she was beaten and raped and with child. She gave birth to Fred Krueger. As a child, Freddy was tormented by other children driving him further insane. The other school kids often referred to him as the "Son of a Hundred Maniacs". Freddy was an easy target for bullies and was often alone on the playground. He took pleasure in torturing small animals like mice and hamsters. Life at home wasn''t the easiest, especially with his often drunk and abusive father. Freddy eventually snapped and stopped feeling pain. He was 18 when he murdered his father. He eventually got married to Loretta, and had a child of their own, during which he killed many teenagers under the alias of the Springwood Slasher. When his wife finds out about his secret, he kills her in front of their young daughter, Kathryn. Freddy tells the young girl "that mommy needed to take her medicine" and makes his daughter promise to keep his statement secret, but she doesn''t listen. During the trial, Fred''s lawyer''s found an error in the search warrants. The judge was forced to release Krueger on the spot. When the judge lets him walk, the friends and family of the murdered teenagers take matters into their own hands. They burned him alive in his boiler/lair. While his whole place was burning down around him 3 dream demons offered him the chance of another life in the fear and dream of teenagers for eternity, then the real fun began! And every time Freddy is about to appear, three girls and a boy show up jumping rope (probably his first few victims) and singing "One, two, Freddy''s coming for you. Three, four, better lock your door. Five, six, grab your crucifix. Seven, eight, gonna stay up late. Nine, ten, ever sleep again."'),
(5, 'images/killers/chucky.jpg', 'images/killers/chuckyTH.jpg', 'Chucky', 'Famous for', 'Child''s Play / Bride of Chucky', 'History', 'Charles Lee Ray (also known as "The Lakeshore Strangler", and nicknamed "Chucky") is a fictional character and the titular antagonist of the Chucky horror film series. Chucky is portrayed as a notorious serial killer whose spirit inhabits a fictional "Good Guy" doll and continuously tries to transfer his soul from the doll to a human body.', 'First Victim', 'A single mother Karen Barclay buys a Good Guy doll from a peddler for her son Andy''s 6th birthday. The doll, now possessed by Ray and called "Chucky", kills Andy''s babysitter, Maggie, by hitting her with a hammer, causing her to fall out of the apartment window to her death. Mike suspects Andy killed her, angering Karen. The police leave, and Andy insists that Chucky is alive, much to the dismay of Karen, who scolds Andy for this claim.', 'Height', '3''5"', 'Weight', '25 lbs', 'Weapon of Choice', 'Knife / Blunt objects', 'Number of Victims', '73 victims', 'List of Films', 'Childs Play (1988)<br>\nChilds Play 2 (1990)<br>\nChilds Play 3 (1991)<br>\nBride of Chucky (1998)<br>\nSeed of Chucky (2004)<br>\nCurse of Chucky (2013)', 'Killer Description', 'In his human form Chucky is a caucasian male with shoulder length black hair and blue eyes. However this changes once he enters the doll. He has long, red hair and freckles, along with blue eyes. He wears blue overalls with the logo "Good Guys", a striped, multi-colored striped shirt, and red converses. Throughout the first three films and for most of the sixth film, he looks like an everyday child''s doll, but with the fourth film (Bride of Chucky) came his famous scars and stitches, as well as a bloody eye. This appearance came about after he was chopped to bits at the end of the third movie. In the sixth film (Curse of Chucky), he wears a rubber mask over his face to conceal his afflictions and pass himself off as a normal toy. However, the mask was taken off by the character Barb and his actual look is revealed.'),
(6, 'images/killers/saw.jpg', 'images/killers/sawTH.jpg', 'Jigsaw', 'Famous for', 'Saw Series', 'History', 'John Kramer (also known as The Jigsaw Killer, commonly referred to as Jigsaw) is a fictional character and the main antagonist from the Saw franchise. Jigsaw made his debut in the first film of the series, Saw, and he later appeared in Saw II, Saw III, Saw IV, Saw V, Saw VI, and Saw 3D. He is portrayed by American actor Tobin Bell.\n\nIn the series'' narrative, Kramer is a former civil engineer dying from an inoperable frontal lobe tumor that had developed from colon cancer. After a failed suicide attempt, Kramer found a new appreciation for his life, and decided to dedicate the rest of his life to inspiring the same appreciation in others by testing their will to live. His methods include forcing his subjects through deadly scenarios, which he referred to as "games" or "tests", in which they were forced to inflict pain upon themselves or others in order to escape. These tests were typically symbolic of what Jigsaw perceived as a flaw in each person''s moral character or life. The Jigsaw name was given to him by the media for his practice of cutting a puzzle piece shape of flesh from those who fail.', 'First Victim', 'Jigsaw was introduced in the 2004 film Saw through the character Lawrence Gordon''s recounting of his first killings. Jigsaw is described as a mysterious person who kidnaps people he believes take their lives for granted and subjects them to "tests", usually mechanical devices rigged to maim or kill the subjects if they fail to complete it within a certain time period. Unlike most killers, Jigsaw never intends to kill his subjects; the purpose of his traps is to see if the subject has the will to live, as he hopes their experience will teach them the value of life. In John''s mind the deaths of those that fail is justified, because those who fail to do what''s necessary to survive don''t deserve life. As his victims increase, the media dubs him The Jigsaw Killer, or simply Jigsaw, because of the jigsaw puzzle-shaped piece of flesh that he removes from unsuccessful subjects, which he explains in Saw II is meant to symbolize that the subject "was missing a vital piece of the human puzzle: the survival instinct."', 'Height', '5''9"', 'Weight', 'Loses more each day', 'Weapon of Choice', 'Torture Mechanisms', 'Number of Victims', '82 victims', 'List of Films', 'Saw (2004)<br>\r\nSaw II (2005)<br>\r\nSaw III (2006)<br>\r\nSaw IV (2007)<br>\r\nSaw V (2008)<br>\r\nSaw VI (2009)<br>\r\nSaw 3D 2010\r\n', 'Killer Description', 'The producers of the Saw films have fought to differentiate the Jigsaw Killer from other horror film killers. Darren Lynn Bousman, the director of Saw II, Saw III, and Saw IV, has stated on the character''s role "He''s not Jason or Freddy. He''s not even Hannibal Lecter. He''s a person with extreme beliefs and he really thinks he''s making a difference. He''s a vigilante if anything. He thinks he''s making a difference." Tobin Bell, the actor who plays Jigsaw, describes his character''s role as being more of a scientist or engineer and "he thinks very specifically and very pragmatically". About Jigsaw''s games being detail oriented, Bell said: "My sense is that Jigsaw is so detail oriented that I think he thinks in terms of worst case scenario. I think he''s a very good judge of character, so his sense that, for example, that Detective Matthews was going to play right into his trap, which he did, was right on. Now, it seems to me that he''s always got a second plan in place. And there''s probably been a number of second plans. I mean, we''ve only seen three movies. Maybe there are six more somewhere where he failed, where something didn''t play out" Speaking about playing the character Bell stated that "you have to think of someone like Jigsaw from a very specific point of view. He doesn''t view himself as some kind of diabolical psychotic. You know there''s a little bit of evil in everyone. It just gets carried further. Most of us have some sort of moral fiber that restricts that. Some framework. And then others because of their lives and what happens to them, the thing develops in some other way."'),
(7, 'images/killers/pinHead.jpg', 'images/killers/pinHeadTH.jpg', 'Pinhead', 'Famous for', 'Hellraiser', 'History', 'Pinhead is a fictional character from the Hellraiser series, mostly serving as the main antagonist.[2] His name is derived from a sobriquet given to him by the crew of the first Hellraiser film. Nearly thirty years later, Clive Barker gave him the proper designation Hell Priest in his sequel to The Hellbound Heart, The Scarlet Gospels.', 'First Victim', 'The character appears in various Hellraiser comics and received his own comic miniseries, entitled Pinhead, published by Marvel Comics'' Epic Comics imprint. In the comic book series, Pinhead is depicted as the latest incarnation of the cenobite spirit Xipe Totec, an entity derived from Aztec mythology. In the Harrowing storyline, Pinhead is revealed to have been romantically involved with a cenobite named Merkova, who was killed by the disciples of Morte Mamme, the sister and rival of Leviathan. In the Pinhead/Marshal Law crossover series, it is revealed that Pinhead''s human incarnation, Captain Spencer, took part in the Battle of the Somme.', 'Height', '5''9"', 'Weight', '175 lbs', 'Weapon of Choice', 'The Engineer / Hooks and chains.', 'Number of Victims', '80 victims', 'List of Films', 'Hellraiser (1987)<br>\nHellbound: Hellraiser II (1988)<br>\nHellraiser III: Hell on Earth (1992)<br>\nHellraiser: Bloodline (1996)<br>\nHellraiser: Inferno (2000)<br>\nHellraiser: Hellseeker (2002)<br>\nHellraiser: Deader (2005)<br>\nHellraiser: Hellworld (2005)<br>\nHellraiser: Revelations (2011)', 'Killer Description', 'Pinhead is one of the leaders of the Cenobites, formerly humans but transformed into creatures which reside in a extradimensional realm who travel to Earth through a puzzle box called the Lament Configuration in order to harvest human souls. His origins and the nature of the Cenobites vary depending upon the medium: While the character began as an amoral entity blindly devoted to the practice of experimental sadomasochism, later depictions have portrayed him as explicitly evil and even demonic in origin. The character''s appearance in 1987''s Hellraiser marked a significant departure from the standard 1980s depiction of horror movie villains, who tended to either be completely mute, or provide glib commentary while killing their victims. Rather, Pinhead was depicted as quiet yet articulate and intelligent, drawing influence from classical cinematic depictions of Count Dracula'),
(8, 'images/killers/scream.jpg', 'images/killers/screamTH.jpg', 'Ghostface', 'Famous for', 'Scream', 'History', 'Ghostface (alternatively spelled as Ghost Face) is a fictional identity adopted by the primary antagonists of the Scream series. The character is voiced by Roger L. Jackson regardless of who is behind the mask. The character first appeared in Scream (1996) as a disguise used by teenagers Billy Loomis (Skeet Ulrich) and Stu Macher (Matthew Lillard), during their killing spree in the fictional town of Woodsboro. Ghostface was created by Wes Craven and Kevin Williamson. The mask is based on The Scream painting by Edvard Munch and was created and designed by Fun World employee Brigitte Sleiertin as a Halloween costume, prior to being discovered by Marianne Maddalena and Craven for the film. The character is used primarily as a disguise for each of the antagonists of each film to conceal their identity, while conducting serial murders and as such has been portrayed by several actors.', 'First Victim', 'Ghostface first appears in the opening scene of Scream. The character, voiced by Roger L. Jackson, calls and taunts teenager Casey Becker (Drew Barrymore) with horror cliches and trivia questions, eventually murdering her boyfriend Steve Orth (Kevin Patrick Walls) in front of her before she herself is killed. The identity has been adopted by the primary antagonists of each successive film to conceal their indentity, prior to being revealed in each film''s final act.', 'Height', 'Depending who''s behind the mask', 'Weight', 'Depending who''s under the cloak', 'Weapon of Choice', 'Buck Knife', 'Number of Victims', '41 victims', 'List of Films', 'Scream (1996)<br>\r\nScream 2 (1997)<br>\r\nScream 3 (2000)<br>\r\nScream 4 (2011)', 'Killer Description', 'The Ghostface costume is the outfit worn by the main antagonists of the Scream franchise, consisting of a rubber white mask with black eyes, nose and mouth and a black, cloth-like material, hooded-robe with faux-tatters draping from the arms and a spiked-trim to the base of the outfit. In the movie, the costume is considered common and easily purchasable making identifying the buyers difficult and creating the possibility for anyone to be the killer.');

-- --------------------------------------------------------

--
-- Table structure for table `tbl_l_moviekillers`
--

CREATE TABLE IF NOT EXISTS `tbl_l_moviekillers` (
  `movieKillers_id` int(4) unsigned NOT NULL AUTO_INCREMENT,
  `killer_id` int(4) NOT NULL,
  `movie_id` int(4) NOT NULL,
  PRIMARY KEY (`movieKillers_id`)
) ENGINE=InnoDB  DEFAULT CHARSET=latin1 AUTO_INCREMENT=4 ;

--
-- Dumping data for table `tbl_l_moviekillers`
--

INSERT INTO `tbl_l_moviekillers` (`movieKillers_id`, `killer_id`, `movie_id`) VALUES
(1, 1, 2),
(2, 1, 41),
(3, 1, 42);

-- --------------------------------------------------------

--
-- Table structure for table `tbl_moviegenres`
--

CREATE TABLE IF NOT EXISTS `tbl_moviegenres` (
  `mc_id` smallint(4) unsigned NOT NULL AUTO_INCREMENT,
  `movie_id` smallint(4) NOT NULL,
  `cat_id` smallint(4) NOT NULL,
  PRIMARY KEY (`mc_id`)
) ENGINE=InnoDB  DEFAULT CHARSET=latin1 AUTO_INCREMENT=219 ;

--
-- Dumping data for table `tbl_moviegenres`
--

INSERT INTO `tbl_moviegenres` (`mc_id`, `movie_id`, `cat_id`) VALUES
(1, 1, 1),
(2, 2, 1),
(3, 3, 2),
(4, 4, 1),
(5, 5, 3),
(6, 6, 1),
(7, 7, 5),
(8, 8, 1),
(9, 9, 1),
(10, 10, 1),
(11, 11, 1),
(12, 12, 1),
(13, 13, 1),
(14, 14, 1),
(15, 15, 5),
(16, 16, 4),
(17, 17, 5),
(18, 18, 1),
(19, 19, 1),
(20, 20, 6),
(21, 21, 1),
(22, 22, 6),
(23, 23, 1),
(24, 24, 2),
(25, 25, 3),
(26, 26, 1),
(27, 27, 3),
(28, 28, 1),
(29, 29, 1),
(30, 30, 1),
(31, 31, 2),
(32, 32, 1),
(33, 33, 1),
(34, 34, 1),
(35, 35, 1),
(36, 36, 2),
(37, 37, 3),
(38, 38, 1),
(39, 39, 1),
(40, 40, 1),
(41, 41, 1),
(42, 42, 1),
(43, 43, 1),
(44, 44, 1),
(45, 45, 3),
(46, 46, 3),
(47, 47, 3),
(48, 48, 1),
(49, 49, 2),
(50, 50, 5),
(51, 51, 3),
(52, 52, 3),
(53, 53, 3),
(54, 54, 3),
(55, 55, 3),
(56, 56, 3),
(57, 57, 3),
(58, 58, 2),
(59, 59, 1),
(60, 60, 1),
(61, 61, 2),
(62, 62, 1),
(63, 63, 1),
(64, 64, 1),
(65, 65, 2),
(66, 66, 1),
(67, 67, 1),
(68, 68, 1),
(69, 69, 1),
(70, 70, 3),
(71, 71, 3),
(72, 72, 2),
(73, 73, 1),
(74, 74, 1),
(75, 75, 1),
(76, 76, 1),
(77, 77, 1),
(78, 78, 2),
(79, 79, 2),
(80, 80, 2),
(81, 81, 3),
(82, 82, 1),
(83, 83, 1),
(84, 84, 1),
(85, 85, 2),
(86, 86, 1),
(87, 87, 6),
(88, 88, 5),
(89, 89, 1),
(90, 90, 2),
(91, 91, 1),
(92, 92, 3),
(93, 93, 3),
(94, 94, 1),
(95, 95, 1),
(96, 96, 2),
(97, 97, 1),
(98, 98, 6),
(99, 99, 2),
(100, 100, 6),
(101, 101, 1),
(102, 102, 1),
(103, 103, 1),
(104, 104, 5),
(105, 105, 1),
(106, 106, 1),
(107, 107, 1),
(108, 108, 1),
(109, 109, 1),
(110, 110, 1),
(111, 111, 6),
(112, 112, 1),
(113, 113, 1),
(114, 114, 6),
(115, 115, 1),
(116, 116, 1),
(117, 117, 2),
(118, 118, 2),
(119, 119, 1),
(120, 120, 1),
(121, 121, 1),
(122, 122, 3),
(123, 123, 1),
(124, 124, 1),
(125, 125, 1),
(126, 126, 1),
(127, 127, 3),
(128, 128, 1),
(129, 129, 1),
(130, 130, 1),
(131, 131, 1),
(132, 132, 1),
(133, 133, 1),
(134, 134, 3),
(135, 135, 1),
(136, 136, 1),
(137, 137, 1),
(138, 138, 1),
(139, 139, 2),
(140, 140, 1),
(141, 141, 3),
(142, 142, 3),
(143, 143, 3),
(144, 144, 3),
(145, 145, 3),
(146, 146, 1),
(147, 147, 1),
(148, 148, 1),
(149, 149, 3),
(150, 150, 1),
(151, 151, 2),
(152, 152, 1),
(153, 153, 2),
(154, 154, 1),
(155, 155, 1),
(156, 156, 3),
(157, 157, 2),
(158, 158, 1),
(159, 159, 1),
(160, 160, 2),
(161, 161, 4),
(162, 162, 4),
(163, 163, 4),
(164, 164, 1),
(165, 165, 2),
(166, 166, 2),
(167, 167, 2),
(168, 168, 2),
(169, 169, 3),
(170, 170, 2),
(171, 171, 2),
(172, 172, 1),
(173, 173, 1),
(174, 174, 1),
(175, 175, 1),
(176, 176, 2),
(177, 177, 5),
(178, 178, 3),
(179, 179, 1),
(180, 180, 1),
(181, 181, 3),
(182, 182, 3),
(183, 183, 1),
(184, 184, 1),
(185, 185, 1),
(186, 186, 1),
(187, 187, 1),
(188, 188, 6),
(189, 189, 1),
(190, 190, 1),
(191, 191, 6),
(192, 192, 6),
(193, 193, 1),
(194, 194, 1),
(195, 195, 3),
(196, 196, 6),
(197, 197, 3),
(198, 198, 2),
(199, 199, 1),
(200, 200, 1),
(201, 201, 2),
(202, 202, 2),
(203, 203, 2),
(204, 204, 2),
(205, 205, 2),
(206, 206, 2),
(207, 207, 2),
(208, 208, 2),
(209, 209, 2),
(210, 210, 2),
(211, 211, 2),
(212, 212, 1),
(213, 213, 6),
(214, 214, 4),
(215, 215, 3),
(216, 216, 3),
(217, 217, 1),
(218, 218, 1);

-- --------------------------------------------------------

--
-- Table structure for table `tbl_movies`
--

CREATE TABLE IF NOT EXISTS `tbl_movies` (
  `movie_id` smallint(4) unsigned NOT NULL AUTO_INCREMENT,
  `movie_img` varchar(50) NOT NULL,
  `movie_thumb` varchar(50) NOT NULL,
  `movie_title` varchar(100) NOT NULL,
  `movie_year` varchar(10) NOT NULL,
  `movie_rating` varchar(10) NOT NULL,
  `movie_time` varchar(10) NOT NULL,
  `movie_genre` varchar(50) NOT NULL,
  `movie_dir` varchar(25) NOT NULL,
  `movie_stars` varchar(300) NOT NULL,
  `movie_desc` text NOT NULL,
  `movie_acr` varchar(50) NOT NULL,
  PRIMARY KEY (`movie_id`)
) ENGINE=InnoDB  DEFAULT CHARSET=latin1 AUTO_INCREMENT=219 ;

--
-- Dumping data for table `tbl_movies`
--

INSERT INTO `tbl_movies` (`movie_id`, `movie_img`, `movie_thumb`, `movie_title`, `movie_year`, `movie_rating`, `movie_time`, `movie_genre`, `movie_dir`, `movie_stars`, `movie_desc`, `movie_acr`) VALUES
(1, 'images/posters/halloween.jpg', 'images/posters/halloweenTH.jpg', 'Halloween', '1978', 'Rated R', '91 min', 'Horror', 'John Carpenter', 'Donald Pleasence, Jamie Lee Curtis', 'On a cold Halloween night in 1963, six year old Michael Myers brutally murdered his 17-year-old sister, Judith. He was sentenced and locked away for 15 years. But on October 30, 1978, while being transferred for a court date, a 21-year-old Michael Myers steals a car and escapes Smith''s Grove.', 'Halloween'),
(2, 'images/posters/friday.jpg', 'images/posters/fridayTH.jpg', 'Friday the 13th', '1980', 'Rated X', '95 min', 'Horror', 'Sean Cunningham', 'Betsy Palmer, Adrienne King', 'A group of camp counselors is stalked and murdered by an unknown assailant while trying to reopen a summer camp which, years before, was the site of a child''s drowning.', 'Friday the 13th'),
(3, 'images/posters/scream.jpg', 'images/posters/screamTH.jpg', 'Scream', '1996', 'Rated R', '111 min', 'Thriller', 'Wes Craven', 'Neve Campbell, Courteney Cox', 'The sleepy little town of Woodsboro just woke up screaming. There''s a killer in their midst who''s seen a few too many scary movies. Suddenly nobody is safe, as the psychopath stalks victims, taunts them with trivia questions, then rips them to bloody shreds. It could be anybody...', 'Scream'),
(4, 'images/posters/exorsist.jpg', 'images/posters/exorsistTH.jpg', 'The Exorcist', '1973', 'Rated R', '122 min', 'Horror', 'William Friedkin', 'Ellen Burstyn, Max Von Sydow', 'One of the most profitable horror movies ever made, this tale of an exorcism is based loosely on actual events. When young Regan (Linda Blair) starts acting odd -- levitating, speaking in tongues -- her worried mother (Ellen Burstyn) seeks medical help, only to hit a dead end.', 'Exorcist'),
(5, 'images/posters/psycho.jpg', 'images/posters/psychoTH.jpg', 'Psycho', '1960', 'Rated R', '109 min', 'Mystery / Horror', 'Alfred Hitchcock', 'Anthony Perkins, Janet Leigh', 'Phoenix secretary Marion Crane (Janet Leigh), on the lam after stealing $40,000 from her employer in order to run away with her boyfriend, Sam Loomis (John Gavin), is overcome by exhaustion during a heavy rainstorm. Traveling on the back roads to avoid the police, she stops for the night at the rams.', 'Pscyho'),
(6, 'images/posters/nightmare.jpg', 'images/posters/nightmareTH.jpg', 'A Nightmare on Elm Street', '1984', 'Rated R', '91 min', 'Horror', 'Wes Craven', 'Robert Englund, Johnny Depp', 'In Wes Craven''s classic slasher film, several Midwestern teenagers fall prey to Freddy Krueger (Robert Englund), a disfigured midnight mangler who preys on the teenagers in their dreams -- which, in turn, kills them in reality. After investigating the phenomenon, Nancy (Heather Langenkamp) begins to creep.', 'Nightmare Street'),
(7, 'images/posters/shining.jpg', 'images/posters/shiningTH.jpg', 'The Shining', '1980', 'Rated R', '146 min', 'Drama / Horror', 'Stanley Kubrick', 'Jack Nicholson, Shelley Duvall', 'Jack Torrance (Jack Nicholson) becomes winter caretaker at the isolated Overlook Hotel in Colorado, hoping to cure his writer''s block. He settles in along with his wife, Wendy (Shelley Duvall), and his son, Danny (Danny Lloyd), who is plagued by psychic premonitions. As Jack''s writing goes nowhere.', 'Shining'),
(8, 'images/posters/texas.jpg', 'images/posters/texasTH.jpg', 'The Texas Chainsaw Massacre', '1974', 'Rated R', '83 min', 'Horror', 'Tobe Hooper', 'Marilyn Burns, Edwin Neal', 'When Sally (Marilyn Burns) hears that her grandfather''s grave may have been vandalized, she and her paraplegic brother, Franklin (Paul A. Partain), set out with their friends to investigate. After a detour to their family''s old farmhouse, they discover a group of crazed, murderous outcasts living.', 'Texas Massacre'),
(9, 'images/posters/livingDead.jpg', 'images/posters/livingDeadTH.jpg', 'Night of the Living Dead', '1968', 'Rated R', '96 min', 'Horror', 'George A. Romero', 'Duane Jones, Judith O''Dea', 'A disparate group of individuals takes refuge in an abandoned house when corpses begin to leave the graveyard in search of fresh human bodies to devour. The pragmatic Ben (Duane Jones) does his best to control the situation, but when the reanimated bodies surround the house, the other survivors begin.', 'Night Living Dead'),
(10, 'images/posters/blair.jpg', 'images/posters/blairTH.jpg', 'Blair Witch Project', '1999', 'Rated R', '81 min', 'Horror', 'Daniel Myrick', 'Heather Donahue, Michael C. Williams', 'Found video footage tells the tale of three film students (Heather Donahue, Joshua Leonard, Michael C. Williams) who''ve traveled to a small town to collect documentary footage about the Blair Witch, a legendary local murderer. Over the course of several days, the students interview townspeople.', 'Witch Project'),
(11, 'images/posters/hell.jpg', 'images/posters/hellTH.jpg', 'Hellraiser', '1987', 'Rated R', '94 min', 'Horror', 'Clive Barker', 'Andrew Robinson, Clare Higgins', 'Sexual deviant Frank (Sean Chapman) inadvertently opens a portal to hell when he tinkers with a box he bought while abroad. The act unleashes gruesome beings called Cenobites, who tear Frank''s body apart. When Frank''s brother (Andrew Robinson) and his wife, Julia (Clare Higgins), move into Frank.', 'Hellraiser'),
(12, 'images/posters/paranormal.jpg', 'images/posters//paranormalTH.jpg', 'Paranormal Activity', '2007', 'Rated R', '86 min', 'Horror', 'Oren Reli', 'Katie Featherston, Micah Sloat', 'Soon after moving into a suburban tract home, Katie (Katie Featherston) and Micah (Micah Sloat) become increasingly disturbed by what appears to be a supernatural presence. Hoping to capture evidence of it on film, they set up video cameras in the house but are not prepared for the terrifying events.', 'Paranormal'),
(13, 'images/posters/polter.jpg', 'images/posters/polterTH.jpg', 'Poltergeist', '1982', 'PG', '114 min', 'Horror', 'Tobe Hooper', 'JoBeth Williams, Heather O''Rourke', 'Strange and creepy happenings beset an average California family, the Freelings -- Steve (Craig T. Nelson), Diane (JoBeth Williams), teenaged Dana (Dominique Dunne), eight-year-old Robbie (Oliver Robins), and five-year-old Carol Ann (Heather O''Rourke) -- when ghosts commune with them through the telephone.', 'Poltergeist'),
(14, 'images/posters/evilDead.jpg', 'images/posters/evilDeadTH.jpg', 'Evil Dead', '1981', 'NG-17', '85 min', 'Horror', 'Sam Raimi', 'Bruce Campbell, Ellen Sandweiss', 'Ashley "Ash" Williams (Bruce Campbell), his girlfriend and three pals hike into the woods to a cabin for a fun night away. There they find an old book, the Necronomicon, whose text reawakens the dead when it''s read aloud. The friends inadvertently release a flood of evil and must fight for their lifes.', 'Evil Dead'),
(15, 'images/posters/omen.jpg', 'images/posters/omenTH.jpg', 'The Omen', '1976', 'Rated R', '111 min', 'Mystery / Horror', 'Richard Donner', 'Gregory Peck, Lee Remick', 'American diplomat Robert (Gregory Peck) adopts Damien (Harvey Stephens) when his wife, Katherine (Lee Remick), delivers a stillborn child. After Damien''s first nanny hangs herself, Father Brennan (Patrick Troughton) warns Robert that Damien will kill Katherine''s unborn child. Shortly thereafter.', 'The Omen'),
(16, 'images/posters/lambs.jpg', 'images/posters/lambsTH.jpg', 'Silence of the Lambs', '1991', 'Rated R', '118 min', 'Crime / Drama / Thriller', 'Jonathan Demme', 'Jodie Foster, Anthony Hopkins', 'Jodie Foster stars as Clarice Starling, a top student at the FBI''s training academy. Jack Crawford (Scott Glenn) wants Clarice to interview Dr. Hannibal Lecter (Anthony Hopkins), a brilliant psychiatrist who is also a violent psychopath, serving life behind bars for various acts of murder.', 'Silence Lambs'),
(17, 'images/posters/jaws.jpg', 'images/posters/jawsTH.jpg', 'Jaws', '1975', 'PG', '124 min', 'Drama / Thriller', 'Steven Spielberg', 'Roy Sheider, Robert Shaw', 'When a young woman is killed by a shark while skinny-dipping near the New England tourist town of Amity Island, police chief Martin Brody (Roy Scheider) wants to close the beaches, but mayor Larry Vaughn (Murray Hamilton) overrules him, fearing that the loss of tourist revenue will cripple the town.', 'Jaws'),
(18, 'images/posters/ring.jpg', 'images/posters/ringTH.jpg', 'The Ring', '2002', 'PG-13', '115 min', 'Horror / Mystery', 'Gore Verbinski', 'Naomi Watts, Martin Henderson', 'It sounds like just another urban legend -- a videotape filled with nightmarish images leads to a phone call foretelling the viewer''s death in exactly seven days. Newspaper reporter Rachel Keller (Naomi Watts) is skeptical of the story until four teenagers all die mysteriously exactly one week after', 'The Ring'),
(19, 'images/posters/dawn.jpg', 'images/posters/dawnTH.jpg', 'Dawn of the Dead', '1978', 'Unrated', '127 min', 'Horror', 'George A. Romero', 'David Emge, Ken Foree', 'As hordes of zombies swarm over the U.S., the terrified populace tries everything in their power to escape the attack of the undead, but neither cities nor the countryside prove safe. In Pennsylvania, radio-station employee Stephen (David Emge) and his girlfriend, Francine (Gaylen Ross), escape.', 'Dawn of the Dead'),
(20, 'images/posters/thing.jpg', 'images/posters/thingTH.jpg', 'The Thing', '1982', 'Rated R', '109 min', 'Sci-Fi / Horror', 'John Carpenter', 'Kurt Russell, Wilfred Brimley', 'In remote Antarctica, a group of American research scientists are disturbed at their base camp by a helicopter shooting at a sled dog. When they take in the dog, it brutally attacks both human beings and canines in the camp and they discover that the beast can assume the shape of its victims.', 'The Thing'),
(21, 'images/posters/baba.jpg', 'images/posters/babaTH.jpg', 'The Babadook', '2014', 'Not Rated', '93 min', 'Horror / Thriller', 'Jennifer Kent', 'Essie Davis, Noah Wiseman', 'A single mother, plagued by the violent death of her husband, battles with her son''s fear of a monster lurking in the house, but soon discovers a sinister presence all around her.', 'Babadook'),
(22, 'images/posters/alien.jpg', 'images/posters/alienTH.jpg', 'Alien', '1979', 'Rated R', '117 min', 'Sci-Fi / Horror', 'Ridley Scott', 'Sigourney Weaver, Tom Skerritt', 'The commercial vessel Nostromo receives a distress call from an unexplored planet. After searching for survivors, the crew heads home only to realize that a deadly bioform has joined them.', 'Alien'),
(23, 'images/posters/baby.jpg', 'images/posters/babyTH.jpg', 'Rosemary''s Baby', '1968', 'Rated R', '136 min', 'Horror / Drama', 'Roman Polanski', 'Mia Farrow, John Cassavetes', 'A young couple move into an apartment, only to be surrounded by peculiar neighbors and occurrences. When the wife becomes mysteriously pregnant, paranoia over the safety of her unborn child begins to control her life.', 'Rosemary''s'),
(24, 'images/posters/cabin.jpg', 'images/posters/cabinTH.jpg', 'Cabin in the Woods', '2012', 'Rated R', '95 min', 'Thriller', 'Drew Goddard', 'Kristen Connolly, Chris Hemsworth', 'Five friends go for a break at a remote cabin in the woods, where they get more than they bargained for. Together, they must discover the truth behind the cabin in the woods.', 'Cabin Woods'),
(25, 'images/posters/conjuring.jpg', 'images/posters/conjuringTH.jpg', 'The Conjuring', '2013', 'Rated R', '112 min', 'Mystery / Horror', 'James Wan', 'Patrick Wilson, Vera Farmiga', 'Paranormal investigators Ed and Lorraine Warren work to help a family terrorized by a dark presence in their farmhouse.', 'Conjuring'),
(26, 'images/posters/insidious.jpg', 'images/posters/insidiousTH.jpg', 'Insidious', '2010', 'PG-13', '103 min', 'Horror / Drama / Mystery', 'James Wan', 'Patrick Wilson, Rose Byrne', 'A family looks to prevent evil spirits from trapping their comatose child in a realm called The Further.', 'Insidious'),
(27, 'images/posters/follows.jpg', 'images/posters/followsTH.jpg', 'It Follows', '2014', 'Rated R', '100 min', 'Mystery / Horror', 'David Robert Mitchell', 'Marka Munroe, Keir Gilchrist', 'A young woman is followed by an unknown supernatural force after getting involved in a sexual encounter.', 'Follows'),
(28, 'images/posters/later.jpg', 'images/posters/laterTH.jpg', '28 Days Later', '2002', 'Rated R', '113 min', 'Horror', 'Danny Boyle', 'Cillian Murphy, Naomie Harris', 'Four weeks after a mysterious, incurable virus spreads throughout the UK, a handful of survivors try to find sanctuary.', 'Days Later'),
(29, 'images/posters/saw.jpg', 'images/posters/sawTH.jpg', 'Saw', '2004', 'Rated R', '103 min', 'Horror / Mystery', 'James Wan', 'Cary Elwes, Leigh Whannell', 'Would you kill to live? When a madman tries to teach how much life is worth, two men find themselves in a room with no idea how they got there or why they''re there.', 'Saw'),
(30, 'images/posters/carrie.jpg', 'images/posters/carrieTH.jpg', 'Carrie', '1976', 'Rated R', '98 min', 'Horror', 'Brian De Palma', 'Sissy Spacek, Piper Laurie', 'Carrie White is shy and outcast 17-year old girl who is sheltered by her domineering, religious mother, and unleashes her telekinetic powers after being humiliated by her classmates for the last time at her senior prom.', 'Carrie'),
(31, 'images/posters/vhs.jpg', 'images/posters/vhsTH.jpg', 'V/H/S', '2012', 'Rated R', '116 min', 'Horror / Thriller', 'Matt Bettinelli-Olpin', 'Calvin Reeder, Lane Hughes', 'When a group of misfits is hired by an unknown third party to burglarize a desolate house and acquire a rare VHS tape, they discover more found footage than they bargained for.', 'V/H/S'),
(32, 'images/posters/descent.jpg', 'images/posters/descentTH.jpg', 'The Descent', '2005', 'Rated R', '99 min', 'Horror', 'Neil Marshall', 'Shauna Macdonald, Natalie Mendoza', 'A caving expedition goes horribly wrong, as the explorers become trapped and ultimately pursued by a strange breed of predators.', 'Descent'),
(33, 'images/posters/hallo2.jpg', 'images/posters/hallo2TH.jpg', 'Halloween 6: The Curse of Michael Myers', '1995', 'Rated R', '87 min', 'Horror / Thriller', 'Joe Chappelle', 'Donald Pleasence, Paul Rudd', 'Six years after Michael Myers last terrorized Haddonfield, he returns there in pursuit of his niece, Jamie Lloyd, who has escaped with her newborn child, for which Michael and a mysterious cult have sinister plans.', 'Halloween 4'),
(34, 'images/posters/dead2.jpg', 'images/posters/dead2TH.jpg', 'Evil Dead 2', '1987', 'Rated X', '84 min', 'Horror', 'Sam Raimi', 'Bruce Campbell, Sarah Berry', 'The lone survivor of an onslaught of flesh-possessing spirits holds up in a cabin with a group of strangers while the demons continue their attack.', 'Evil Dead 2'),
(35, 'images/posters/nightmare2.jpg', 'images/posters/nightmare2TH.jpg', 'New Nightmare', '1994', 'Rated R', '112 min', 'Horror / Mystery', 'Wes Craven', 'Heather Langenkamp, Robert Englund', 'A demonic force has chosen Freddy Krueger as its portal to the real world. Can Heather play the part of Nancy one last time and trap the evil trying to enter our world?', 'New Nightmare'),
(36, 'images/posters/next.jpg', 'images/posters/nextTH.jpg', 'You''re Next', '2011', 'Rated R', '95 min', 'Thriller / Horror', 'Adam Wingard', 'Sharni Vinson, Joe Swamberg', 'When the Davison family comes under attack during their wedding anniversary getaway, the gang of mysterious killers soon learns that one of the victims harbors a secret talent for fighting back.', 'You''re Next'),
(37, 'images/posters/oculus.jpg', 'images/posters/oculusTH.jpg', 'Oculus', '2013', 'Rated R', '104 min', 'Mystery / Horror', 'Mike Flanagan', 'Karen Gillan, Brenton Twaites', 'A woman tries to exonerate her brother, who was convicted of murder, by proving that the crime was committed by a supernatural phenomenon.', 'Oculus'),
(38, 'images/posters/sin.jpg', 'images/posters/sinTH.jpg', 'Sinister', '2012', 'Rated R', '110 min', 'Horror / Mystery', 'Scott Derrickson', 'Ethan Hawke, Juliet Rylance', 'Washed-up true-crime writer Ellison Oswalt finds a box of super 8 home movies that suggest the murder he is currently researching is the work of a serial killer whose work dates back to the 1960s.', 'Sinister'),
(39, 'images/posters/drag.jpg', 'images/posters/dragTH.jpg', 'Drag me to hell', '2009', 'PG-13', '99 min', 'Horror', 'Sam Raimi', 'Alison Lohman, Justin Long', 'A loan officer who evicts an old woman from her home finds herself the recipient of a supernatural curse. Desperate, she turns to a seer to try and save her soul, while evil forces work to push her to a breaking point.', 'Drag to Hell'),
(40, 'images/posters/hills.jpg', 'images/posters/hillsTH.jpg', 'Hills have eyes', '2006', 'Rated R', '107 min', 'Horror / Thriller', 'Alexandra Aja', 'Ted Levine, Kathleen Quintan', 'A suburban American family is being stalked by a group of psychotic people who live in the desert, far away from civilization.', 'Hills have Eyes'),
(41, 'images/posters/friday2.jpg', 'images/posters/friday2TH.jpg', 'Friday the 13th Part II', '1981', 'Rated R', '87 min', 'Horror / Mystery / Thriller', 'Steve Miner', 'Betsy Palmer, John Furey', 'Mrs. Voorhees is dead, and Camp Crystal Lake is shut down, but a camp next to the infamous place is stalked by an unknown assailant. Is it Mrs. Voorhees'' son Jason, who did not really drown in the lake some 30 years before?', 'Friday Part 2'),
(42, 'images/posters/friday3.jpg', 'images/posters/friday3TH.jpg', 'Friday the 13th Part III', '1982', 'Rated R', '95 min', 'Horror / Mystery / Thriller', 'Steve Miner', 'Dana Kimmell, Tracie Savage', 'Having revived from his wound, Jason Voorhees; now donning a new appearance, refuges at a cabin near Crystal Lake. As a group of co-eds reside there for their vacation, Jason continues his spree.', 'Friday Part 3'),
(43, 'images/posters/robHallo.jpg', 'images/posters/robHalloTH.jpg', 'Halloween', '2007', 'Rated R', '109 min', 'Horror / Thriller', 'Rob Zombie', 'Scout Taylor-Compton, Sheri Moon', 'After being committed for 17 years, Michael Myers, now a grown man and still very dangerous, escapes from the mental institution (where he was committed as a 10 year old) and he immediately returns to Haddonfield, where he wants to find his baby sister, Laurie.', 'Halloween'),
(44, 'images/posters/robHallo2.jpg', 'images/posters/robHallo2TH.jpg', 'Halloween 2', '2009', 'Rated R', '105 min', 'Horror / Thriller', 'Rob Zombie', 'Scout Taylor-Compton, Tyler Mane', 'Laurie Strode struggles to come to terms with her brother Michael''s deadly return to Haddonfield, Illinois; meanwhile, Michael prepares for another reunion with his sister.\n', 'Halloween 2'),
(45, 'images/posters/nightRevenge.jpg', 'images/posters/nightRevengeTH.jpg', 'A Nightmare on Elm Street 2: Freddys Revenge', '1985', 'Rated R', '87 min', 'Mystery / Horror', 'Jack Sholder', 'Robert Englund, Mark Patton', 'A teenage boy is haunted in his dreams by Freddy Krueger who is out to possess him to continue his murdering in the real world.\r\n', 'Freddy''s Revenge'),
(46, 'images/posters/white.jpg', 'images/posters/whiteTH.jpg', 'White Noise', '2005', 'PG-13', '101 min', 'Mystery / Horror', 'Geoffrey Sax', 'Michael Keaton, Ian McNeice', 'An architect''s desire to speak with his wife from beyond the grave, becomes an obsession with supernatural repercussions.', 'White Noise'),
(47, 'images/posters/white2.jpg', 'images/posters/white2TH.jpg', 'White Noise 2', '2007', 'PG-13', '99 min', 'Mystery / Horror', 'Patrick Lassier', 'Nathan Fillion, Katee Sachhoff', 'Following the loss of his family, a man attempts suicide only to discover upon waking that he can identify people who are about to die.', 'White Noise 2'),
(48, 'images/posters/boogey.jpg', 'images/posters/boogeyTH.jpg', 'Boogeyman', '2005', 'PG-13', '89 min', 'Horror / Mystery / Drama', 'Stephen Kay', 'Barry Watson, Emily Deschanel', 'A young man tries to deal with the childhood terror that has affected his life.', 'Boogeyman'),
(49, 'images/posters/dawn2.jpg', 'images/posters/dawn2TH.jpg', 'Dawn of the dead', '2004', 'Rated R', '101 min', 'Thriller / Horror', 'Zack Snyder', 'Sarah Polley, Ving Rhames', 'A nurse, a policeman, a young married couple, a salesman, and other survivors of a worldwide plague that is producing aggressive, flesh-eating zombies, take refuge in a mega Midwestern shopping mall.', 'Dawn of the Dead'),
(50, 'images/posters/fear.jpg', 'images/posters/fearTH.jpg', 'Fear Dot Com', '2002', 'Rated R', '101 min', 'Horror / Drama', 'William Malone', 'Stephen Dorff, Natascha McElhone', 'Four bodies are found in New York City. The coincidence? They all died 48 hours after logging on to a site named feardotcom.\r\n', 'Fear.Com'),
(51, 'images/posters/goth.jpg', 'images/posters/gothTH.jpg', 'Gothika', '2003', 'Rated R', '98 min', 'Mystery / Thriller', 'Mathieu Kassovitz', 'Halle Berry, Penelope Cruz', 'A repressed female psychiatrist wakes up as a patient in the asylum where she worked, with no memory of why she is there or what she has done.', 'Gothika'),
(52, 'images/posters/ghost.jpg', 'images/posters/ghostTH.jpg', 'Ghost Ship', '2002', 'Rated R', '91 min', 'Mystery / Horror', 'Steve Beck', 'Julianna Margulies, Gabriel Byrne', 'A salvage crew that discovers a long-lost 1962 passenger ship floating lifeless in a remote region of the Bering Sea soon notices, as they prepare to tow it back to land, that "strange things" happen.', 'Ghost Ship'),
(53, 'images/posters/mirrors.jpg', 'images/posters/mirrorsTH.jpg', 'Mirrors', '2008', 'Rated R', '110 min', 'Mystery / Horror', 'Alexandra Aja', 'Kiefer Sutherland, Paula Patton', 'An ex-cop and his family are the target of an evil force that is using mirrors as a gateway into their home.', 'Mirrors'),
(54, 'images/posters/mirrors2.jpg', 'images/posters/mirrors2TH.jpg', 'Mirrors 2', '2010', 'Rated R', '86 min', 'Mystery / Horror', 'Victor Garcia', 'Nick Stahl, Emmanuelle Vaugier', 'When Max, who is recovering from a traumatic accident, takes a job as a nighttime security guard, he begins to see visions of a young mysterious woman in the store''s mirror.\r\n', 'Mirrors 2'),
(55, 'images/posters/deadSilence.jpg', 'images/posters/deadSilenceTH.jpg', 'Dead Silence', '2007', 'Rated R', '89 min', 'Mystery / Horror', 'James Wan', 'Ryan Kwanten, Amber Valletta', 'A widower returns to his hometown to search for answers to his wife''s murder, which may be linked to the ghost of a murdered ventriloquist.\r\n', 'Dead Silence'),
(56, 'images/posters/paranormal2.jpg', 'images/posters/paranormal2TH.jpg', 'Paranormal Activity 2', '2010', 'Rated R', '91 min', 'Mystery / Horror', 'Tod Williams', 'Katie Featherston, Micah Sloat', 'After experiencing what they think are a series of "break-ins", a family sets up security cameras around their home, only to realize that the events unfolding before them are more sinister than they seem.\r\n', 'Paranormal 2'),
(57, 'images/posters/paranormal3.jpg', 'images/posters/paranormal3TH.jpg', 'Paranormal Activity 3', '2011', 'Rated R', '83 min', 'Mystery / Horror', 'Henry Joost', 'Chloe Csengery, Jessica Tyler Brown', 'In 1988, young sisters Katie and Kristi befriend an invisible entity who resides in their home.', 'Paranormal 3'),
(58, 'images/posters/resident.jpg', 'images/posters/residentTH.jpg', 'Resident Evil', '2002', 'Rated R', '100 min', 'Thriller / Horror', 'Paul W.S. Anderson', 'Milla Jovovich, Michelle Rodriguez', 'A special military unit fights a powerful, out-of-control supercomputer and hundreds of scientists who have mutated into flesh-eating creatures after a laboratory accident.', 'Resident Evil'),
(59, 'images/posters/childPlay.jpg', 'images/posters/childPlayTH.jpg', 'Childs Play', '1988', 'Rated R', '87 min', 'Horror', 'Tom Holland', 'Catherine Hicks, Chris Sarandon', 'A single mother gives her son a much sought after doll for his birthday, only to discover that it is possessed by the soul of a serial killer.', 'Child''s Play'),
(60, 'images/posters/lazarus.jpg', 'images/posters/lazarusTH.jpg', 'Lazarus Effect', '2015', 'PG-13', '83 min', 'Horror / Mystery', 'David Gelb', 'Olivia Wilde, Mark Duplass', 'A group of medical students discover a way to bring dead patients back to life.', 'Lazurus'),
(61, 'images/posters/club.jpg', 'images/posters/clubTH.jpg', 'Club Dread', '2004', 'Rated R', '104 min', 'Thriller / Horror', 'Jay Chandrasekhar', 'Bill Paxton, Kevin Heffernan', 'When a serial killer interrupts the fun at the swanky Coconut Pete''s Coconut Beach Resort--a hedonistic island paradise for swingers--it''s up to the club''s staff to stop the violence...or at least hide it.', 'Club Dread'),
(62, 'images/posters/1000.jpg', 'images/posters/1000TH.jpg', 'House of 1000 Corpses', '2003', 'Rated R', '89 min', 'Horror / Thriller', 'Rob Zombie', 'Sid Haig, Karen Black', 'Two teenage couples traveling across the backwoods of Texas searching for urban legends of murder end up as prisoners of a bizarre and sadistic backwater family of serial killers.', '1000 Corpses'),
(63, 'images/posters/rejects.jpg', 'images/posters/rejectsTH.jpg', 'Devil''s Rejects', '2005', 'Rated R', '107 min', 'Horror / Thriller', 'Rob Zombie', 'Sid Haig, Sheri Moon Zombie', 'The murderous, backwoods Firefly family take to the road to escape a vengeful police force which is not afraid of being as ruthless as their target.\r\n', 'Devil''s Rejects'),
(64, 'images/posters/texasNew.jpg', 'images/posters/texasNewTH.jpg', 'The Texas Chainsaw Massacre', '2003', 'Rated R', '98 min', 'Horror / Thriller', 'Marcus Nispel', 'Jessica Biel, Jonathan Tucker', 'After picking up a traumatized young hitchhiker, five friends find themselves stalked and hunted by a deformed chainsaw-wielding killer and his family of equally psychopathic killers.', 'Texas Massacre'),
(65, 'images/posters/texasBegin.jpg', 'images/posters/texasBeginTH.jpg', 'The Texas Chainsaw Massacre: The Beginning', '2006', 'Rated R', '91 min', 'Horror / Thriller', 'Jonathan Liebesman', 'Jordana Brewster, Matt Bomer', 'On one last road trip before they''re sent to serve in Vietnam, two brothers and their girlfriends get into an accident that calls their local sheriff to the scene. Thus begins a terrifying experience where the teens are taken to a secluded house of horrors, where a young, would-be killer is being nurtured.', 'Texas Massacre'),
(66, 'images/posters/hills2.jpg', 'images/posters/hills2TH.jpg', 'Hill have Eyes 2', '2007', 'Rated R', '89 min', 'Horror / Thriller', 'Martin Weisz', 'Daniella Alonso, Jacob Vargas', 'A group of National Guard trainees find themselves battling against a vicious group of mutants on their last day of training in the desert.', 'Hills have Eyes 2'),
(67, 'images/posters/wrong1.jpg', 'images/posters/wrong1TH.jpg', 'Wrong Turn', '2003', 'Rated R', '84 min', 'Horror', 'Rob Schmidt', 'Eliza Dushku, Jeremy Sisto', 'Six people find themselves trapped in the woods of West Virginia, hunted down by "cannibalistic mountain men grossly disfigured through generations of in-breeding."', 'Wrong Turn'),
(68, 'images/posters/wrong2.jpg', 'images/posters/wrong2TH.jpg', 'Wrong Turn 2: Dead End', '2007', 'Rated R', '93 min', 'Horror', 'Joe Lynch', 'Erica Leerhsen, Henry Rollins', 'A group of reality show contestants find themselves fighting for their survival against a family of hideously deformed inbred cannibals who plan to ruthlessly butcher them all.', 'Wrong Turn 2'),
(69, 'images/posters/wrong3.jpg', 'images/posters/wrong3TH.jpg', 'Wrong Turn 3: Left for Dead', '2009', 'Unrated', '92 min', 'Horror', 'Declan O''Brien', 'Tom Frederic, Janet Montgomery', 'When the transfer bus crashes somewhere in West Virginia forest, a group of convicts and a corrections officer meet a rafter while on the run from cannibalistic hillbilly freaks.', 'Wrong Turn 3'),
(70, 'images/posters/grave1.jpg', 'images/posters/grave1TH.jpg', 'Grave Encounters', '2011', 'Unrated', '92 min', 'Mystery / Horror', 'Colin Minihan', 'Ben Wilkinson, Sean Rogerson', 'For their ghost hunting reality show, a production crew locks themselves inside an abandoned mental hospital that''s supposedly haunted - and it might prove to be all too true.', 'Grave 1'),
(71, 'images/posters/grave2.jpg', 'images/posters/grave2TH.jpg', 'Grave Encounters 2', '2012', 'Unrated', '95 min', 'Mystery / Horror', 'John Poliquin', 'Richard Harmon, Shawn C. Phillips', 'A film student who is obsessed with the movie Grave Encounters sets out with his friends to visit the psychiatric hospital depicted in the original film.', 'Grave 2'),
(72, 'images/posters/vhs2.jpg', 'images/posters/vhs2TH.jpg', 'V/H/S/2', '2013', 'Rated R', '96 min', 'Thriller / Horror', 'Simon Barrett', 'Lawrence Michael Levine, Kelsy Abbott', 'Searching for a missing student, two private investigators break into his house and find collection of VHS tapes. Viewing the horrific contents of each cassette, they realize there may be dark motives behind the student''s disappearance.', 'V/H/S/2'),
(73, 'images/posters/13.jpg', 'images/posters/13TH.jpg', '13 Ghosts', '2001', 'Rated R', '91 min', 'Horror / Mystery / Thriller', 'Steve Beck', 'Shannon Elizabeth, Matthew Lillard', 'When Cyrus Kriticos, a very rich collector of unique things dies, he leaves it all to his nephew and his family. All including his house, his fortune, and his malicious collection of ghosts!', '13 Ghosts'),
(74, 'images/posters/under.jpg', 'images/posters/underTH.jpg', 'Under the Bed', '2012', 'Rated R', '87 min', 'Horror', 'Steven C. Miller', 'Jonny Weston, Gattlin Griffith', 'Two brothers team up to battle a creature under the bed, in what is being described as a "suburban nightmare" tale.', 'Under Bed'),
(75, 'images/posters/black1.jpg', 'images/posters/black1TH.jpg', 'Black Christmas', '1974', 'Rated R', '98 min', 'Horror', 'Bob Clark', 'Olivia Hussey, Keir Dullea', 'A sorority house is terrorized by a stranger who makes frightening phone calls and then murders the sorority sisters during Christmas break.', 'Black Xmas'),
(76, 'images/posters/black2.jpg', 'images/posters/black2TH.jpg', 'Black Christmas', '2006', 'Rated R', '84 min', 'Horror / Thriller', 'Glen Morgan', 'Michelle Trachtenberg, Mary Elizabeth Winstead', 'An escaped maniac returns to his childhood home on Christmas Eve, which is now a sorority house, and begins to murder the sorority sisters one by one.', 'Black Xmas'),
(77, 'images/posters/valentine.jpg', 'images/posters/valentineTH.jpg', 'Valentine', '2001', 'Rated R', '96 min', 'Horror / Thriller', 'Jamie Blanks', 'Denise Richards, David Boreanaz', 'Five women are stalked by an unknown assailant while preparing for Valentine''s Day.', 'Valentine'),
(78, 'images/posters/urban1.jpg', 'images/posters/urban1TH.jpg', 'Urban Legend', '1998', 'Rated R', '99 min', 'Thriller / Horror', 'Jamie Blanks', 'Jared Leto, Tara Reid', 'A college student suspects a series of bizarre deaths are connected to certain urban legends.', 'Urban 1'),
(79, 'images/posters/urban2.jpg', 'images/posters/urban2TH.jpg', 'Urban Legend: Final Cut', '2000', 'Rated R', '97 min', 'Thriller / Horror', 'John Ottman', 'Jennifer Morrison, Matthew Davis', 'Urban legend-style killings begin to occur on a movie set, in this non-sequel sequel to "Urban Legend".', 'Urban 2'),
(80, 'images/posters/urban3.jpg', 'images/posters/urban3TH.jpg', 'Urban Legend: Bloody Mary', '2005', 'Rated R', '93 min', 'Thriller / Horror', 'Mary Lambert', 'Kate Mara, Robert Vito', 'On a prom-night dare, a trio of high school friends chant an incantation, unleashing an evil spirit from the past with deadly consequences.', 'Urban 3'),
(81, 'images/posters/annabelle.jpg', 'images/posters/annabelleTH.jpg', 'Annabelle', '2014', 'Rated R', '99 min', 'Mystery / Horror', 'John R. Leonetti', 'Ward Horton, Annabelle Wallis', 'A couple begins to experience terrifying supernatural occurrences involving a vintage doll shortly after their home is invaded by satanic cultists.', 'Annabelle'),
(82, 'images/posters/insidious2.jpg', 'images/posters/insidious2TH.jpg', 'Insidious: Chapter 2', '2013', 'PG-13', '106 min', 'Horror / Thriller', 'James Wan', 'Patrick Wilson, Rose Byrne', 'The haunted Lambert family seeks to uncover the mysterious childhood secret that has left them dangerously connected to the spirit world.', 'Insidious 2'),
(83, 'images/posters/insidious3.jpg', 'images/posters/insidious3TH.jpg', 'Insidious: Chapter 3', '2015', 'PG-13', '97 min', 'Horror / Thriller', 'Leigh Whannell', 'Dermot Mulroney, Stefanie Scott', 'A prequel set before the haunting of the Lambert family that reveals how gifted psychic Elise Rainier reluctantly agrees to use her ability to contact the dead in order to help a teenage girl who has been targeted by a dangerous supernatural entity.', 'Insidious 3'),
(84, 'images/posters/polter2.jpg', 'images/posters/polter2TH.jpg', 'Poltergeist 2: The Other Side', '1986', 'PG-13', '91 min', 'Horror', 'Brian Gibson', 'JoBeth Williams, Craig T. Nelson', 'The Freeling family have a new house, but their troubles with supernatural forces don''t seem to be over.', 'Poltergeist 2'),
(85, 'images/posters/polterNew.jpg', 'images/posters/polterNewTH.jpg', 'Poltergeist', '2015', 'PG-13', '93 min', 'Thriller / Horror', 'Gil Kenan', 'Sam Rockwell, Rosemarie DeWitt', 'A family whose suburban home is haunted by evil forces must come together to rescue their youngest daughter after the apparitions take her captive.', 'Poltergeist'),
(86, 'images/posters/cry.jpg', 'images/posters/cryTH.jpg', 'Cry_Wolf', '2005', 'PG-13', '90 min', 'Horror / Mystery', 'Jeff Wadlow', 'Julian Morris, Lindy Booth', 'Eight unsuspecting high school seniors at a posh boarding school, who delight themselves on playing games of lies, come face-to-face with terror and learn that nobody believes a liar - even when they''re telling the truth.', 'Cry Wolf'),
(87, 'images/posters/circle.jpg', 'images/posters/circleTH.jpg', 'Circle', '2015', 'Unrated', '87 min', 'Sci-Fi / Horror', 'Aaron Hann', 'Julie Benz, Mercy Malick', 'Held captive and faced with their imminent executions, fifty strangers are forced to choose the one person among them who deserves to live.', 'Circle'),
(88, 'images/posters/americanPsycho.jpg', 'images/posters/americanPsychoTH.jpg', 'American Psycho', '2000', 'Rated R', '102 min', 'Drama / Horror', 'Mary Harron', 'Christian Bale, Justin Theroux', 'A wealthy New York investment banking executive hides his alternate psychopathic ego from his co-workers and friends as he escalates deeper into his illogical, gratuitous fantasies.', 'American Psy.'),
(89, 'images/posters/mama.jpg', 'images/posters/mamaTH.jpg', 'Mama', '2013', 'PG-13', '100 min', 'Horror', 'Andres Muschietti', 'Jessica Chastain, Megan Charpentier', 'Annabel and Lucas are faced with the challenge of raising his young nieces that were left alone in the forest for 5 years.... but how alone were they?', 'Mama'),
(90, 'images/posters/unfriend.jpg', 'images/posters//unfriendTH.jpg', 'Unfriended', '2014', 'Rated R', '83 min', 'Thriller / Horror', 'Levan Gabriadze', 'Heather Sossaman, Matthew Bohrer', 'A group of online chat room friends find themselves haunted by a mysterious, supernatural force using the account of their dead friend.', 'Unfriended'),
(91, 'images/posters/lastShift.jpg', 'images/posters/lastShiftTH.jpg', 'Last Shift', '2014', 'Rated R', '90 min', 'Horror / Thriller', 'Anthony DiBlasi', 'Juliana Harkavy, Joshua Mikel', 'A rookie cop''s 1st shift in the last night of a closing police station alone turns into a living nightmare. The plot echoes John Carpenter''s ''Assault on Precinct 13'' but with supernatural twist.', 'Last Shift'),
(92, 'images/posters/sin2.jpg', 'images/posters/sin2TH.jpg', 'Sinister 2', '2015', 'Rated R', '97 min', 'Mystery / Horror', 'Ciaran Foy', 'James Ransone, Shannyn Sossaman', 'A young mother and her twin sons move into a rural house that''s marked for death.', 'Sin 2'),
(93, 'images/posters/orphan.jpg', 'images/posters/orphanTH.jpg', 'Orphan', '2009', 'Rated R', '123 min', 'Mystery / Horror', 'Jaume Collet-Serra', 'Vera Farmiga, Peter Sarsguard', 'A husband and wife who recently lost their baby adopt a 9-year-old girl who is not nearly as innocent as she claims to be.', 'Orphan'),
(94, 'images/posters/ouija.jpg', 'images/posters/ouijaTH.jpg', 'Ouija', '2014', 'PG-13', '89 min', 'Horror / Mystery', 'Stiles White', 'Olivia Cooke, Ana Coto', 'A group of friends must confront their most terrifying fears when they awaken the dark powers of an ancient spirit board.', 'Ouija'),
(95, 'images/posters/jeepers1.jpg', 'images/posters/jeepers1TH.jpg', 'Jeepers Creepers', '2001', 'Rated R', '90 min', 'Horror', 'Victor Salva', 'Gina Philips, Justin Long', 'A brother and sister driving home for spring break encounter a flesh-eating creature in the isolated countryside that is on the last day of its ritualistic eating spree.', 'Jeepers 1'),
(96, 'images/posters/jeepers2.jpg', 'images/posters/jeepers2TH.jpg', 'Jeepers Creepers 2', '2003', 'Rated R', '104 min', 'Thriller / Horror', 'Victor Salva', 'Jonathan Breck, Ray Wise', 'Set a few days after the original, a championship basketball team''s bus is attacked by The Creeper, the winged, flesh-eating terror, on the last day of his 23-day feeding frenzy.', 'Jeepers 2'),
(97, 'images/posters/fredVsJay.jpg', 'images/posters/fredVsJayTH.jpg', 'Freddy VS. Jason', '2003', 'Rated R', '97 min', 'Horror / Thriller', 'Ronny Yu', 'Robert Englund, Ken Kirzinger', 'Freddy Krueger and Jason Voorhees return to terrorize the teenage population. Except this time, they''re out to get each other, too.', 'Fred VS Jay'),
(98, 'images/posters/weeksLater.jpg', 'images/posters/weeksLaterTH.jpg', '28 Weeks Later', '2007', 'Rated R', '100 min', 'Sci-Fi / Horror', 'Juan Carlos Fresnadillo', 'Jeremy Renner, Rose Byrne', 'Six months after the rage virus was inflicted on the population of Great Britain, the US Army helps to secure a small area of London for the survivors to repopulate and start again. But not everything goes to plan.', 'Weeks Later'),
(99, 'images/posters/30Days.jpg', 'images/posters/30DaysTH.jpg', '30 Days of Night', '2007', 'Rated R', '113 min', 'Thriller / Horror', 'David Slade', 'Josh Hartnett, Melissa George', 'After an Alaskan town is plunged into darkness for a month, it is attacked by a bloodthirsty gang of vampires.', '30 Days'),
(100, 'images/posters/killerKlowns.jpg', 'images/posters/killerKlownsTH.jpg', 'Killer Klowns from Outer Space', '1988', 'PG-13', '88 min', 'Sci-Fi / Horror', 'Stephen Chiodo', 'Grant Cramer, Suzanne Snyder', 'Aliens who look like clowns come from outer space and terrorize a small town.', 'Killer Klowns'),
(101, 'images/posters/paranormal4.jpg', 'images/posters/paranormal4TH.jpg', 'Paranormal Activity 4', '2012', 'Rated R', '88 min', 'Horror', 'Henry Joost', 'Stephen Dunham, Katie Featherston', 'It has been five years since the disappearance of Katie and Hunter, and a suburban family witness strange events in their neighborhood when a woman and a mysterious child move in.', 'Paranormal 4'),
(102, 'images/posters/paranormal5.jpg', 'images/posters/paranormal5TH.jpg', 'Paranormal Activity: The Marked Ones', '2014', 'Rated R', '84 min', 'Horror / Thriller', 'Christopher Landon', 'Andrew Jacobs, Jorge Diaz', 'Jesse begins experiencing a number of disturbing and unexplainable things after the death of his neighbor. As he investigates, it isn''t long before Jesse finds he''s been marked for possession by a malevolent demonic entity, and it''s only a matter of time before he is completely under its control.', 'Paranormal 5'),
(103, 'images/posters/paranormal6.jpg', 'images/posters/paranormal6TH.jpg', 'Paranormal Activity: The Ghost Dimension', '2015', 'Rated R', '88 min', 'Horror', 'Gregory Plotkin', 'Chris J. Murray, Brit Shaw', 'Using a special camera that can see spirits, a family must protect their daughter from an evil entity with a sinister plan.', 'Paranormal 6'),
(104, 'images/posters/crimson.jpg', 'images/posters/crimsonTH.jpg', 'Crimson Peak', '2015', 'Rated R', '119 min', 'Drama / Horror', 'Guillermo del Toro', 'Mia Wasikowska, Jassica Chastain', 'In the aftermath of a family tragedy, an aspiring author is torn between love for her childhood friend and the temptation of a mysterious outsider. Trying to escape the ghosts of her past, she is swept away to a house that breathes, bleeds - and remembers.', 'Crimson'),
(105, 'images/posters/friday4.jpg', 'images/posters/friday4TH.jpg', 'Friday the 13th Part IV: The Final Chapter', '1984', 'Rated R', '91 min', 'Horror / Thriller', 'Joseph Zito', 'Erich Anderson, Judie Aronson', 'After being mortally wounded and taken to the morgue, murderer Jason Voorhees spontaneously revives and embarks on a killing spree as he makes his way back to his home at Camp Crystal Lake.', 'Friday 4'),
(106, 'images/posters/friday5.jpg', 'images/posters/friday5TH.jpg', 'Friday the 13th Part V: A New Beginning', '1985', 'Rated R', '92 min', 'Horror / Thriller', 'Danny Steinmann', 'Melanie Kinnaman, John Shepherd', 'Still haunted by his past, Tommy Jarvis - who, as a child, killed Jason Voorhees - wonders if the serial killer is connected to a series of brutal murders occurring in and around the secluded halfway house where he now lives.', 'Friday Begin'),
(107, 'images/posters/friday6.jpg', 'images/posters/friday6TH.jpg', 'Friday the 13th Part VI: Jason Lives', '1986', 'Rated R', '86 min', 'Horror / Thriller', 'Tom McLoughlin', 'Thom Mathews, Jennifer Cooke', 'Tommy Jarvis goes to the graveyard to get rid of Jason Voorhees'' body once and for all, but inadvertently brings him back to life instead. The newly revived killer once again seeks revenge, and Tommy may be the only one who can defeat him.', 'Friday Lives'),
(108, 'images/posters/friday7.jpg', 'images/posters/friday7TH.jpg', 'Friday the 13th Part VII: The New Blood', '1988', 'Rated R', '88 min', 'Horror', 'John Carl Buechler', 'Jennifer Banko, John Otrin', 'Years after Tommy Jarvis chained him underwater at Camp Crystal Lake, Jason Voorhees returns to the camp grounds when he is accidentally released from his prison by a teenager with psychic powers.', 'Friday New Blood'),
(109, 'images/posters/friday8.jpg', 'images/posters/friday8TH.jpg', 'Friday the 13th Part VIII: Jason Takes Manhattan', '1989', 'Rated R', '100 min', 'Horror', 'Rob Hedden', 'Jensen Daggett, Kane Hodder', 'A passing boat bound for New York pulls Jason Voorhees along for the ride. Look out New York, here comes hell in a hockey mask.', 'Friday Jason Takes'),
(110, 'images/posters/friday9.jpg', 'images/posters/friday9TH.jpg', 'Jason goes to Hell: The Final Friday', '1993', 'Rated R', '87 min', 'Horror / Thriller', 'Adam Marcus', 'John D. LeMay, Kane Hodder', 'Serial killer Jason Voorhees'' supernatural origins are revealed.', 'Jason Goes to Hell'),
(111, 'images/posters/friday10.jpg', 'images/posters/friday10TH.jpg', 'Jason X', '2001', 'Rated R', '91 min', 'Sci-Fi / Horror', 'James Issac', 'Kane Hodder, Lexa Doig', 'Jason Voorhees returns with a new look, a new machete, and his same murderous attitude as he is awakened on a spaceship in the 25th century.', 'Jason X'),
(112, 'images/posters/friday11.jpg', 'images/posters/friday11TH.jpg', 'Friday the 13th', '2009', 'Rated R', '97 min', 'Horror', 'Marcus Nispel', 'Jared Padalecki, Amanada Righetti', 'A group of young adults discover a boarded up Camp Crystal Lake, where they soon encounter Jason Voorhees and his deadly intentions.', 'Friday New'),
(113, 'images/posters/ween2.jpg', 'images/posters/ween2TH.jpg', 'Halloween II', '1981', 'Rated R', '92 min', 'Horror', 'Rick Rosenthal', 'Jamie Lee Curtis, Donald Pleasence', 'While Sheriff Brackett and Dr. Loomis hunt for Michael Myers, a traumatized Laurie is rushed to hospital, and the serial killer is not far behind her.', 'Halloween 2'),
(114, 'images/posters/ween3.jpg', 'images/posters/ween3TH.jpg', 'Halloween III: Season of the Witch', '1982', 'Rated R', '98 min', 'Sci-Fi / Horror', 'Tommy Lee Wallace', 'Tom Atkins, Stacey Nelkin', 'Kids all over America want Silver Shamrock masks for Halloween. Doctor Daniel Challis seeks to uncover a plot by Silver Shamrock owner Conal Cochran.', 'Halloween 3'),
(115, 'images/posters/ween4.jpg', 'images/posters/ween4TH.jpg', 'Halloween 4: The Return of Michael Myers', '1988', 'Rated R', '88 min', 'Horror / Thriller', 'Dwight H. Little', 'Donald Pleasence, Ellie Cornell', 'Ten years after his original massacre, the invalid Michael Myers awakens and returns to Haddonfield to kill his seven-year-old niece on Halloween. Can Dr. Loomis stop him?', 'Michaels Return'),
(116, 'images/posters/ween5.jpg', 'images/posters/ween5TH.jpg', 'Halloween 5: The Revenge of Michael Myers', '1989', 'Rated X', '96 min', 'Horror / Thriller', 'Dominique Othenin-Girard', 'Donald Pleasence, Danielle Harris', 'Set one year after the events of Halloween 4, Michael Myers returns to Haddonsfield once again to try and kill his niece.', 'Halloween 5'),
(117, 'images/posters/ween6.jpg', 'images/posters/ween6TH.jpg', 'Halloween H20: Twenty Years Later', '1998', 'Rated R', '86 min', 'Thriller / Horror', 'Steve Miner', 'Jamie Lee Curtis, Josh Hartnett', 'Laurie Strode, now the dean of a Northern California private school with an assumed name, must battle the Shape one last time and now the life of her own son hangs in the balance.', 'H20'),
(118, 'images/posters/ween7.jpg', 'images/posters/ween7TH.jpg', 'Halloween: Resurrection', '2002', 'Rated R', '89 min', 'Thriller / Horror', 'Rick Rosenthal', 'Jamie Lee Curtis, Busta Rhymes', 'Three years after he last terrorized his sister, Michael Myers confronts her again, before traveling to Haddonfield to deal with the cast and crew of a reality show which is being broadcast from his old home.', 'Resurrection'),
(119, 'images/posters/texas2.jpg', 'images/posters/texas2TH.jpg', 'The Texas Chainsaw Massacre 2', '1986', 'Rated X', '101 min', 'Horror', 'Tobe Hooper', 'Dennis Hopper, Caroline Williams', 'A radio host is victimized by the cannibal family as a former Texas Marshall hunts them.', 'Texas Massacre'),
(120, 'images/posters/texas3.jpg', 'images/posters/texas3TH.jpg', 'Leatherface: Texas Chainsaw Massacre III', '1990', 'Rated X', '85 min', 'Horror / Thriller', 'Jeff Burr', 'Kate Hodge, Ken Foree', 'A California couple and a survivalist encounter the cannibal family.', 'Texas Massacre'),
(121, 'images/posters/texas4.jpg', 'images/posters/texas4TH.jpg', 'The Texas Chainsaw Massacre: The Next Generation', '1994', 'Rated R', '93 min', 'Horror / Thriller', 'Kim Henkel', 'Renee Zellweger, Matthew McConaughey', 'A group of teenagers get into a car crash in the Texas woods on prom night, and then wander into an old farmhouse that is home to Leatherface and his insane family of cannibalistic psychopaths.', 'Texas Massacre'),
(122, 'images/posters/knock.jpg', 'images/posters/knockTH.jpg', 'Knock Knock', '2015', 'Rated R', '99 min', 'Mystery / Horror', 'Eli Roth', 'Keanu Reeves, Lorenza Izzo', 'When a devoted husband and father is left home alone for the weekend, two stranded young women unexpectedly knock on his door for help. What starts out as a kind gesture results in a dangerous seduction and a deadly game of cat and mouse.', 'Knock'),
(123, 'images/posters/inferno.jpg', 'images/posters/infernoTH.jpg', 'The Green Inferno', '2013', 'Rated R', '100 min', 'Horror', 'Eli Roth', 'Lorenza Izzo, Ariel Levy', 'A group of student activists travels to the Amazon to save the rain forest and soon discover that they are not alone, and that no good deed goes unpunished.', 'Inferno'),
(124, 'images/posters/visit.jpg', 'images/posters/visitTH.jpg', 'The Visit', '2015', 'PG-13', '94 min', 'Horror / Thriller', 'M. Night Shyamalan', 'Olivia DeJonge, Ed Oxenbould', 'A single mother finds that things in her family''s life go very wrong after her two young children visit their grandparents.', 'The Visit'),
(125, 'images/posters/gift.jpg', 'images/posters/giftTH.jpg', 'The Gift', '2015', 'Rated R', '108 min', 'Horror / Thriller', 'Joel Edgerton', 'Jason Bateman, Rebecca Hall', 'A young married couple''s lives are thrown into a harrowing tailspin when an acquaintance from the husband''s past brings mysterious gifts and a horrifying secret to light after more than 20 years.', 'The Gift'),
(126, 'images/posters/tales.jpg', 'images/posters/talesTH.jpg', 'Tales of Halloween', '2015', 'Rated R', '92 min', 'Horror', 'Darren Lynn Bousman', 'Booboo Stewart, Cerina Vincent', 'Ten stories are woven together by their shared theme of Halloween night in an American suburb, where ghouls, imps, aliens and axe murderers appear for one night only to terrorize unsuspecting residents.', 'Tales Of'),
(127, 'images/posters/sleepy.jpg', 'images/posters/sleepyTH.jpg', 'Sleepy Hollow', '1999', 'Rated R', '105 min', 'Horror / Mystery / Drama', 'Tim Burton', 'Johnny Depp, Christina Ricci', 'Ichabod Crane is sent to Sleepy Hollow to investigate the decapitations of 3 people with the culprit being the legendary apparition, the Headless Horseman.', 'Sleepy Hollow'),
(128, 'images/posters/sweeney.jpg', 'images/posters/sweeneyTH.jpg', 'Sweeney Todd: The Demon Barber of Fleet Street', '2007', 'Rated R', '116 min', 'Horror / Drama', 'Tim Burton', 'Johnny Depp, Helena Bonham', 'The infamous story of Benjamin Barker, AKA Sweeney Todd, who sets up a barber shop down in London which is the basis for a sinister partnership with his fellow tenant, Mrs. Lovett. Based on the hit Broadway musical.', 'Sweeney'),
(129, 'images/posters/window.jpg', 'images/posters/windowTH.jpg', 'Secret Window', '2004', 'PG-13', '96 min', 'Horror / Mystery / Thriller', 'David Koepp', 'Johnny Depp, Maria Bello', 'A writer is accused for plagiarism by a strange man, who then starts haunting him for "justice."', 'Secret Window'),
(130, 'images/posters/vatican.jpg', 'images/posters/vaticanTH.jpg', 'The Vatican Tapes', '2015', 'PG-13', '91 min', 'Horror / Thriller', 'Mark Neveldine', 'Olivia Taylor Dudley, Michael Pena', 'A priest and two Vatican exorcists must do battle with an ancient satanic force to save the soul of a young woman.', 'Vatican');
INSERT INTO `tbl_movies` (`movie_id`, `movie_img`, `movie_thumb`, `movie_title`, `movie_year`, `movie_rating`, `movie_time`, `movie_genre`, `movie_dir`, `movie_stars`, `movie_desc`, `movie_acr`) VALUES
(131, 'images/posters/gallows.jpg', 'images/posters/gallowsTH.jpg', 'The Gallows', '2015', 'Rated R', '81 min', 'Horror / Thriller', 'Travis Cluff', 'Reese Mishler, Pfeifer Brown', '20 years after a horrific accident during a small town school play, students at the school resurrect the failed show in a misguided attempt to honor the anniversary of the tragedy - but soon discover that some things are better left alone.', 'Gallows'),
(132, 'images/posters/scream2.jpg', 'images/posters/scream2TH.jpg', 'Scream 2', '1997', 'Rated R', '120 min', 'Horror / Mystery', 'Wes Craven', 'Neve Campbell, Courteney Cox', 'Two years after the first series of murders, a new psychopath dons the Ghostface costume and a new string of killings begins.', 'Scream 2'),
(133, 'images/posters/scream3.jpg', 'images/posters/scream3TH.jpg', 'Scream 3', '2000', 'Rated R', '116 min', 'Horror / Mystery', 'Wes Craven', 'David Arquette, Neve Campbell', 'While Sidney and her friends visit the Hollywood set of Stab 3, the third film based on the Woodsboro murders, a new Ghostface begins to terrorize them once again.', 'Scream 3'),
(134, 'images/posters/scream4.jpg', 'images/posters/scream4TH.jpg', 'Scream 4', '2011', 'Rated R', '111 min', 'Horror / Mystery', 'Wes Craven', 'Neve Campbell, Courteney Cox', 'Ten years have passed, and Sidney Prescott, who has put herself back together thanks in part to her writing, is visited by the Ghostface Killer.', 'Scream 4'),
(135, 'images/posters/destination1.jpg', 'images/posters/destination1TH.jpg', 'Final Destination', '2000', 'Rated R', '98 min', 'Horror', 'James Wong', 'Devon Sawa, Ali Larter', 'After a teenager has a terrifying vision of him and his friends dying in a plane crash, he prevents the accident only to have Death hunt them down, one by one.', 'Final 1'),
(136, 'images/posters/destination2.jpg', 'images/posters/destination2TH.jpg', 'Final Destination 2', '2003', 'Rated R', '90 min', 'Horror / Thriller', 'David R. Ellis', 'A.J. Cook, Ali Larter', 'When Kimberly has a violent premonition of a highway pileup she blocks the freeway, keeping a few others meant to die, safe...Or are they? The survivors mysteriously start dying and it''s up to Kimberly to stop it before she''s next.', 'Final 2'),
(137, 'images/posters/destination3.jpg', 'images/posters/destination3TH.jpg', 'Final Destination 3', '2006', 'Rated R', '93 min', 'Horror / Thriller', 'James Wong', 'Mary Elizabeth Winstead, Ryan Merriman ', 'In this third installment of the Final Destination series, a student''s premonition of a deadly rollercoaster ride saves her life and a lucky few, but not from death itself which seeks out those who escaped their fate.', 'Final 3'),
(138, 'images/posters/destination4.jpg', 'images/posters/destination4TH.jpg', 'The Final Destination', '2009', 'Rated R', '82 min', 'Horror / Thriller', 'David R. Ellis', 'Nick Zano, Krista Allen', 'After a young man''s premonition of a deadly race-car crash helps saves the lives of his peers, Death sets out to collect those who evaded their end.', 'Final 4'),
(139, 'images/posters/destination5.jpg', 'images/posters/destination5TH.jpg', 'Final Destination 5', '2011', 'Rated R', '92 min', 'Horror / Thriller', 'Steven Quale', 'Nicholas D''Agosta, Emma Bell', 'Survivors of a suspension-bridge collapse learn there''s no way you can cheat Death.', 'Final 5'),
(140, 'images/posters/saw2.jpg', 'images/posters/saw2TH.jpg', 'Saw II', '2005', 'Rated R', '93 min', 'Horror', 'Darren Lynn Bousman', 'Donnie Wahlberg, Beverley Mitchell', 'A detective and his team must rescue eight people trapped in a factory by the twisted serial killer known as Jigsaw.', 'Saw 2'),
(141, 'images/posters/saw3.jpg', 'images/posters/saw3TH.jpg', 'Saw III', '2006', 'Rated R', '108 min', 'Horror / Mystery', 'Darren Lynn Bousman', 'Tobin Bell, Shawnee Smith', 'Jigsaw kidnaps a doctor to keep him alive while he watches his new apprentice put an unlucky citizen through a brutal test.', 'Saw 3'),
(142, 'images/posters/saw4.jpg', 'images/posters/saw4TH.jpg', 'Saw IV', '2007', 'Rated R', '93 min', 'Horror / Mystery', 'Darren Lynn Bousman', 'Tobin Bell, Scott Patterson', 'Jigsaw and his apprentice Amanda are dead. Now, upon the news of Detective Kerry''s murder, two seasoned FBI profilers, Agent Strahm and Agent Perez, arrive in the terrified community', 'Saw 4'),
(143, 'images/posters/saw5.jpg', 'images/posters/saw5TH.jpg', 'Saw V', '2008', 'Rated R', '92 min', 'Horror / Mystery', 'David Hackl', 'Scott Patterson, Costas Mandylor', 'Following Jigsaw''s grisly demise, Mark Hoffman, the final apprentice to the serial killer is deigned a hero. Meanwhile, Agent Strahm continues to track Hoffman while another group of strangers are put through a series of gruesome traps.', 'Saw 5'),
(144, 'images/posters/saw6.jpg', 'images/posters/saw6TH.jpg', 'Saw VI', '2009', 'Rated R', '90 min', 'Horror / Mystery', 'Kevin Greutert', 'Tobin Bell, Costas Mandylor', 'Agent Strahm is dead, and FBI agent Erickson draws nearer to Hoffman. Meanwhile, a pair of insurance executives find themselves in another game set by jigsaw.', 'Saw 6'),
(145, 'images/posters/saw7.jpg', 'images/posters/saw7TH.jpg', 'Saw 3D: Final Chapter', '2010', 'Rated R', '90 min', 'Horror / Mystery', 'Kevin Greutert', 'Tobin Bell, Costas Mandylor', 'As a deadly battle rages over Jigsaw''s brutal legacy, a group of Jigsaw survivors gathers to seek the support of self-help guru and fellow survivor Bobby Dagen, a man whose own dark secrets unleash a new wave of terror.', 'Saw 3D'),
(146, 'images/posters/dracula.jpg', 'images/posters/draculaTH.jpg', 'Dracula', '1992', 'Rated R', '128 min', 'Horror', 'Francis Ford Coppola', 'Gary Oldman, Winona Ryder', 'The vampire comes to England to seduce a visitor''s fiance and inflict havoc in the foreign land.', 'Dracula'),
(147, 'images/posters/purge.jpg', 'images/posters/purgeTH.jpg', 'The Purge', '2013', 'Rated R', '85 min', 'Horror / Thriller', 'James DeMonaco', 'Ethan Hawke, Lena Headey', 'In the future, a wealthy family is held hostage for harboring the target of a murderous syndicate during the Purge, a 12-hour period in which any and all crime is legalized.', 'Purge 1'),
(148, 'images/posters/purge2.jpg', 'images/posters/purge2TH.jpg', 'The Purge: Anarchy', '2014', 'Rated R', '103 min', 'Horror', 'James DeMonaco', 'Frank Grillo, Carmen Ejogo', 'Three groups of people are trying to survive Purge Night, when their stories intertwine and are left stranded in The Purge trying to survive the chaos and violence that occurs.', 'Purge 2'),
(149, 'images/posters/asAbove.jpg', 'images/posters/asAboveTH.jpg', 'As Above, So Below', '2014', 'Rated R', '93 min', 'Horror / Mystery / Thriller', 'John Erick Dowdle', 'Perdita Weeks, Ben Feldman', 'When a team of explorers ventures into the catacombs that lie beneath the streets of Paris, they uncover the dark secret that lies within this city of the dead.', 'As Above'),
(150, 'images/posters/jessabelle.jpg', 'images/posters/jessabelleTH.jpg', 'Jessabelle', '2014', 'PG-13', '90 min', 'Horror / Thriller', 'Keven Greutert', 'Sarah Snook, Mark Webber', 'Returning to her childhood home in Louisiana to recuperate from a horrific car accident, Jessabelle comes face to face with a long-tormented spirit that has been seeking her return -- and has no intention of letting her escape.', 'Jessabelle'),
(151, 'images/posters/wax.jpg', 'images/posters/waxTH.jpg', 'House of Wax', '2005', 'Rated R', '113 min', 'Horror / Thriller', 'Jaume Collet-Serra', 'Chad Michael Murray, Paris Hilton', 'A group of unwitting teens are stranded near a strange wax museum and soon must fight to survive and keep from becoming the next exhibit.', 'House Wax'),
(152, 'images/posters/knowSummer1.jpg', 'images/posters/knowSummer1TH.jpg', 'I Know What You Did Last Summer', '1997', 'Rated R', '101 min', 'Horror / Mystery / Thriller', 'Jim Gillespie', 'Jennifer Love Hewitt, Sarah Michelle Gellar', 'Four teens are in great danger one year after their car hits a stranger whose body they dump in the sea.', 'I know 1'),
(153, 'images/posters/knowSummer2.jpg', 'images/posters/knowSummer2TH.jpg', 'I Still Know What You Did Last Summer', '1998', 'Rated R', '100 min', 'Horror / Mystery / Thriller', 'Danny Cannon', 'Jennifer Love Hewitt, Freddie Prinze Jr.', 'The murderous fisherman with a hook is back to once again stalk the two surviving teens, Julie and Ray, who left him for dead, as well as cause even more murder and mayhem, this time at a posh island resort.', 'I know 2'),
(154, 'images/posters/knowSummer3.jpg', 'images/posters/knowSummer3TH.jpg', 'I''ll Always Know What You Did Last Summer', '2006', 'Rated R', '92 min', 'Horror', 'Sylvain White', 'Brooke Nevin, David Paetkau', 'A group of teenagers in Colorado find themselves being stalked and killed one by one by a mysterious figure with a hook, exactly one year after they covered up a friend''s accidental death.', 'I know 3'),
(155, 'images/posters/shaunDead.jpg', 'images/posters/shaunDeadTH.jpg', 'Shaun of the Dead', '2004', 'Rated R', '99 min', 'Horror', 'Edgar Wright', 'Simon Pegg, Nick Frost', 'A man decides to turn his moribund life around by winning back his ex-girlfriend, reconciling his relationship with his mother, and dealing with an entire community that has returned from the dead to eat the living.', 'Shaun Dead'),
(156, 'images/posters/strangers.jpg', 'images/posters/strangersTH.jpg', 'The Strangers', '2008', 'Rated R', '86 min', 'Horror / Mystery / Thriller', 'Bryan Bertino', 'Scott Speedman, Liv Tyler', 'A young couple staying in an isolated vacation home are terrorized by three unknown assailants.', 'Strangers'),
(157, 'images/posters/lastHouse.jpg', 'images/posters/lastHouseTH.jpg', 'The Last House on the Left', '2009', 'Rated R', '110 min', 'Horror / Thriller', 'Dennis Iliadis', 'Garret Dillahunt, Monica Potter', 'After kidnapping and brutally assaulting two young women, a gang unknowingly finds refuge at a vacation home belonging to the parents of one of the victims: a mother and father who devise an increasingly gruesome series of revenge tactics.\r\n', 'Last House'),
(158, 'images/posters/hostel1.jpg', 'images/posters/hostel1TH.jpg', 'Hostel', '2005', 'Rated R', '94 min', 'Horror', 'Eli Roth', 'Jay Hernandez, Derek Richardson', 'Three backpackers head to a Slovak city that promises to meet their hedonistic expectations, with no idea of the hell that awaits them.', 'Hostel 1'),
(159, 'images/posters/hostel2.jpg', 'images/posters/hostel2TH.jpg', 'Hostel: Part II', '2007', 'Rated R', '94 min', 'Horror', 'Eli Roth', 'Lauren German, Heather Matarazzo', 'Three American college students studying abroad are lured to a Slovakian hostel, and discover the grim reality behind it.', 'Hostel 2'),
(160, 'images/posters/hostel3.jpg', 'images/posters/hostel3TH.jpg', 'Hostel: Part III', '2011', 'Rated R', '88 min', 'Horror / Mystery / Thriller', 'Scott Spiegel', 'Kip Pardue, Brian Hallisay', 'While attending a bachelor party in Las Vegas, four friends are enticed by two sexy escorts to join them at a private party way off the Strip.', 'Hostel 3'),
(161, 'images/posters/spitGrave1.jpg', 'images/posters/spitGrave1TH.jpg', 'I Spit on Your Grave', '2010', 'Rated R', '108 min', 'Horror / Thriller / Crime', 'Steven R. Monroe', 'Sarah Butler, Jeff Branson', 'A writer who is brutalized during her cabin retreat seeks revenge on her attackers, who left her for dead.', 'Grave Spit 1'),
(162, 'images/posters/spitGrave2.jpg', 'images/posters/spitGrave2TH.jpg', 'I Spit on Your Grave 2', '2013', 'Rated R', '106 min', 'Horror / Thriller / Crime', 'Steven R. Monroe', 'Jemma Dallender, Joe Absolom', 'When Katie innocently accepts an offer to have new photos taken for her portfolio, the experience quickly turns into a nightmare of rape, torture and kidnapping. Now, she will have to find the strength to exact her brutal revenge.', 'Grave Spit 2'),
(163, 'images/posters/spitGrave3.jpg', 'images/posters/spitGrave3TH.jpg', 'I Spit on Your Grave: Vengeance is Mine', '2015', 'Rated R', '92 min', 'Horror / Thriller / Crime', 'R.D. Braustein', 'Jennifer Landon, Doug McKeon', 'Jennifer Hills is still tormented by the brutal sexual assault she endured years ago. She''s changed identities and cities, reluctantly joining a support group where she begins to piece together.', 'Grave Spit 3'),
(164, 'images/posters/cornChildren1.jpg', 'images/posters/cornChildren1TH.jpg', 'Children of the Corn', '1984', 'Rated R', '92 min', 'Horror', 'Fritz Kiersch', 'Peter Horton, Linda Hamilton', 'A young couple is trapped in a remote town where a dangerous religious cult of children believe everyone over the age of 18 must be killed.', 'Children 1'),
(165, 'images/posters/cornChildren2.jpg', 'images/posters/cornChildren2TH.jpg', 'Children of the Corn II: The Final Sacrifice', '1992', 'Rated R', '92 min', 'Horror / Thriller', 'David Price', 'Terence Knox, Paul Scherrer', 'A journalist and his son travel to Nebraska to investigate the mysterious town of Gaitlin where, unbeknownst to them, a murderous cult of children are waiting in the corn fields.', 'Children 2'),
(166, 'images/posters/cornChildren3.jpg', 'images/posters/cornChildren3TH.jpg', 'Children of the Corn III: Urban Harvest', '1995', 'Rated R', '92 min', 'Horror / Thriller', 'James D.R. Hickox', 'Daniel Cerny, Ron Melendez', 'Two brothers, formerly of the murderous children''s cult of Gatlin Nebraska, are taken to Chicago by an unwitting couple.', 'Children 3'),
(167, 'images/posters/cornChildren4.jpg', 'images/posters/cornChildren4TH.jpg', 'Children of the Corn: The Gathering', '1996', 'Rated R', '85 min', 'Horror / Thriller', 'Greg Spence', 'Naomi Watts, Jamie Renee Smith', 'All the kids in a town over night become feverish and have convulsions. The next day they start to become evil, change their names for those of kids killed long ago, and then start killing.', 'Children 4'),
(168, 'images/posters/cornChildren5.jpg', 'images/posters/cornChildren5TH.jpg', 'Children of the Corn V: Fields of Terror', '1998', 'Rated R', '83 min', 'Horror / Thriller', 'Ethan Willey', 'Stacy Galina, Alexis Arquette', 'Six college students take a wrong turn and find themselves lost in a strangely deserted rural town... only to discover that this deceptively quiet place hides a murderous cult of children.', 'Children 5'),
(169, 'images/posters/cornChildren6.jpg', 'images/posters/cornChildren6TH.jpg', 'Children of the Corn 666: Isaac''s Return', '1999', 'Rated R', '82 min', 'Horror / Mystery / Thriller', 'Kari Skogland', 'Natalie Ramsey, Gary Bullock', 'Hannah goes back to her hometown (Gatlin) to find out who her mother is, but on the way she picks up a strange man who fore-shadows her life with a passage from the bible.', 'Children 6'),
(170, 'images/posters/cornChildren7.jpg', 'images/posters/cornChildren7TH.jpg', 'Children of the Corn: Revelation', '2001', 'Rated R', '82 min', 'Horror / Thriller', 'Guy Magar', 'Claudette Mink, Kyle Cassie', 'When a girl named Jamie repeatedly tries to contact her grandmother to no avail, she investigates by going to her apartment in Omaha Nebraska....only to find that it''s been condemned.', 'Children 7'),
(171, 'images/posters/cornChildren8.jpg', 'images/posters/cornChildren8TH.jpg', 'Children of the Corn: Genesis', '2011', 'Rated R', '80 min', 'Horror / Thriller', 'Joel Soisson', 'J.J. Banicki, Diane Peterson', 'A young couple tries to free an imprisoned child with catastrophic results.', 'Children 8'),
(172, 'images/posters/IT.jpg', 'images/posters/ITTH.jpg', 'IT', '1990', 'Rated R', '192 min', 'Horror / Mystery / Drama', 'Steven King', 'Richard Thomas, Tim Reid', 'In 1960, seven outcast kids known as "The Loser Club" fight an evil demon who poses as a child-killing clown. 30 years later, they are called back to fight the same clown again.', 'IT'),
(173, 'images/posters/cujo.jpg', 'images/posters/cujoTH.jpg', 'Cujo', '1983', 'Rated R', '93 min', 'Horror / Thriller', 'Lewis Teague', 'Dee Wallace, Daniel Hugh', 'A friendly St. Bernard named "Cujo" contracts rabies and conducts a reign of terror on a small American town.', 'Cujo'),
(174, 'images/posters/christine.jpg', 'images/posters/christineTH.jpg', 'Christine', '1983', 'Rated R', '110 min', 'Horror / Drama', 'John Carpenter', 'Keith Gordon, John Stockwell', 'A nerdish boy buys a strange car with an evil mind of its own and his nature starts to change to reflect it.', 'Christine'),
(175, 'images/posters/pet1.jpg', 'images/posters/pet1TH.jpg', 'Pet Sematary', '1989', 'Rated R', '103 min', 'Horror', 'Mary Lambert', 'Dale Midkiff, Denise Crosby', 'Behind a young family''s home in Maine is a terrible secret that holds the power of life after death. When tragedy strikes, the threat of that power soon becomes undeniable.', 'Pet 1'),
(176, 'images/posters/pet2.jpg', 'images/posters/pet2TH.jpg', 'Pet Sematary 2', '1992', 'Rated R', '100 min', 'Horror / Thriller', 'Mary Lambert', 'Edward Furlong, Anthony Edwards', 'The ancient Indian cemetery with the power to raise the dead returns and influences the lives of new residents.', 'Pet 2'),
(177, 'images/posters/constantine.jpg', 'images/posters/constantineTH.jpg', 'Constantine', '2005', 'Rated R', '121 min', 'Horror / Drama', 'Francis Lawrence', 'Keanu Reeves, Rachel Weisz', 'Constantine tells the story of irreverent supernatural detective John Constantine, who has literally been to hell and back.', 'Constantine'),
(178, 'images/posters/amity.jpg', 'images/posters/amityTH.jpg', 'The Amityville Horror', '2005', 'Rated R', '90 min', 'Horror / Mystery', 'Andrew Douglas', 'Ryan Reynolds, Melissa George', 'Newlyweds are terrorized by demonic forces after moving into a large house that was the site of a grisly mass murder a year before.', 'Amityville'),
(179, 'images/posters/grudge1.jpg', 'images/posters/grudge1TH.jpg', 'The Grudge', '2004', 'PG-13', '91 min', 'Horror / Mystery / Thriller', 'Takashi Shimizu', 'Sarah Michelle Gellar, Jason Behr', 'An American nurse living and working in Tokyo is exposed to a mysterious supernatural curse, one that locks a person in a powerful rage before claiming their life and spreading to another victim.', 'Grudge 1'),
(180, 'images/posters/grudge2.jpg', 'images/posters/grudge2TH.jpg', 'The Grudge 2', '2006', 'PG-13', '102 min', 'Horror / Thriller', 'Takashi Shimizu', 'Amber Tamblyn, Edison Chen', 'Three interwoven stories about a terrible curse. A young woman encounters a malevolent supernatural force while searching for her missing sister in Tokyo; a mean high school prank goes horribly wrong; a woman with a deadly secret moves into a Chicago apartment building.\r\n', 'Grudge 2'),
(181, 'images/posters/grudge3.jpg', 'images/posters/grudge3TH.jpg', 'The Grudge 3', '2009', 'Rated R', '90 min', 'Horror / Mystery / Thriller', 'Toby Wilkins', 'Matthew Knight, Shawnee Smith', 'A young Japanese woman who holds the key to stopping the evil spirit of Kayako, travels to the haunted Chicago apartment from the sequel, to stop the curse of Kayako once and for all.', 'Grudge 3'),
(182, 'images/posters/ring2.jpg', 'images/posters/ring2TH.jpg', 'The Ring 2', '2005', 'PG-13', '110 min', 'Horror / Mystery / Thriller', 'Hideo Nakata', 'Naomi Watts, David Dorfman', 'Six months after the incidents involving the lethal videotape, new clues prove that there is a new evil lurking in the darkness.', 'Ring 2'),
(183, 'images/posters/silent1.jpg', 'images/posters/silent1TH.jpg', 'Silent Hill', '2006', 'Rated R', '125 min', 'Horror / Mystery', 'Christophe Gans', 'Radha Mitchell, Laurie Holden', 'A woman goes in search for her daughter, within the confines of a strange, desolate town called Silent Hill. Based on the video game.', 'Silent Hill'),
(184, 'images/posters/silent2.jpg', 'images/posters/silent2TH.jpg', 'Silent Hill: Revelation 3D', '2012', 'Rated R', '95 min', 'Horror / Mystery / Thriller', 'Michael J. Bassett', 'Adelaide Clemens, Kit Harington', 'When her father disappears, Heather Mason is drawn into a strange and terrifying alternate reality that holds answers to the horrific nightmares that have plagued her since childhood.', 'Silent Hill 3D'),
(185, 'images/posters/wouldRather.jpg', 'images/posters/wouldRatherTH.jpg', 'Would You Rather', '2012', 'Unrated', '93 min', 'Horror', 'David Guy Levy', 'Brittany Snow, June Squibb', 'Desperate to help her ailing brother, a young woman unknowingly agrees to compete in a deadly game of "Would You Rather," hosted by a sadistic aristocrat.', 'Would You'),
(186, 'images/posters/den.jpg', 'images/posters/denTH.jpg', 'The Den', '2013', 'Rated R', '81 min', 'Horror / Mystery / Thriller', 'Zachary Donohue', 'Melanie Papalia, Adam Shapiro', 'While studying the habits of web cam chat users from the apparent safety of her own home, a young woman''s life begins to spiral out of control after witnessing a grisly murder online.', 'The Den'),
(187, 'images/posters/1408.jpg', 'images/posters/1408TH.jpg', '1408', '2007', 'PG-13', '104 min', 'Horror / Mystery', 'Mikael Hafstrom', 'John Cusack, Samuel L. Jackson', 'A man who specializes in debunking paranormal occurrences checks into the fabled room 1408 in the Dolphin Hotel. Soon after settling in, he confronts genuine terror.', '1408'),
(188, 'images/posters/mist.jpg', 'images/posters/mistTH.jpg', 'The Mist', '2007', 'Rated R', '126 min', 'Horror / Thriller / Sci-Fi', 'Frank Darabont', 'Thamos Jane, Marcia Gay Harden', 'A freak storm unleashes a species of blood-thirsty creatures on a small town, where a small band of citizens hole up in a supermarket and fight for their lives.', 'The Mist'),
(189, 'images/posters/clown.jpg', 'images/posters/clownTH.jpg', 'Clown', '2014', 'Rated R', '100 min', 'Horror / Drama', 'Jon Watts', 'Eli Roth, Peter Stormare', 'A loving father finds a clown suit for his son''s birthday party, only to realize that it is not a suit at all.', 'Clown'),
(190, 'images/posters/cabin1.jpg', 'images/posters/cabin1TH.jpg', 'Cabin Fever', '2002', 'Rated R', '93 min', 'Horror', 'Eli Roth', 'Jordan Ladd, Rider Strong', 'A group of five college graduates rent a cabin in the woods and begin to fall victim to a horrifying flesh-eating virus, which attracts the unwanted attention of the homicidal locals.', 'Cabin Fever 1'),
(191, 'images/posters/cabin2.jpg', 'images/posters/cabin2TH.jpg', 'Cabin Fever 2: Spring Fever', '2009', 'Rated R', '86 min', 'Horror / Sci-Fi', 'Ti West', 'Rider Strong, Noah Segan', 'A high school prom faces a deadly threat: a flesh-eating virus that spreads via a popular brand of bottled water.', 'Cabin Fever 2'),
(192, 'images/posters/cabin3.jpg', 'images/posters/cabin3TH.jpg', 'Cabin Fever: Patient Zero', '2014', 'Unrated', '91 min', 'Horror / Thriller / Sci-Fi', 'Kaare Andrews', 'Sean Astin, Currie Graham', 'When a group of friends enjoying a bachelor cruise in the Caribbean stumble upon a research facility on a remote island, a deadly virus is unleashed. The group must find a way to survive before the flesh eating virus consumes them all.', 'Cabin Fever 3'),
(193, 'images/posters/noEvil1.jpg', 'images/posters/noEvil1TH.jpg', 'See No Evil', '2006', 'Rated R', '84 min', 'Horror / Thriller', 'Gregory Dark', 'Glenn Jacobs, Christina Vidal', 'A group of delinquents are sent to clean the Blackwell Hotel. Little do they know reclusive psychopath Jacob Goodnight (Jacobs) has holed away in the rotting hotel. When one of the teens is captured, those who remain -- a group that includes the cop who put a bullet in Goodnight''s head four years ago -- band together to survive against the brutal killer.', 'See No Evil'),
(194, 'images/posters/noEvil2.jpg', 'images/posters/noEvil2TH.jpg', 'See No Evil 2', '2014', 'Rated R', '90 min', 'Horror', 'Jen Soska', 'Glenn Jacobs, Danielle Harris', 'A group of friends pays a late-night visit to the city morgue to surprise Amy (Harris) on her birthday. But the surprise is on them when the one-eyed corpse of brutal psychopath Jacob.', 'See No Evil 2'),
(195, 'images/posters/devil.jpg', 'images/posters/devilTH.jpg', 'Devil', '2010', 'PG-13', '80 min', 'Horror / Mystery / Drama', 'John Erick Dowdle', 'Chris Messina, Caroline Dhavernas', 'A group of people are trapped in an elevator and the Devil is mysteriously amongst them.', 'Devil'),
(196, 'images/posters/signs.jpg', 'images/posters/signsTH.jpg', 'Signs', '2002', 'PG-13', '106 min', 'Horror / Drama / Sci-Fi', 'M. Night Shyamalan', 'Mel Gibson, Joaquin Phoenix', 'A family living on a farm finds mysterious crop circles in their fields which suggests something more frightening to come.', 'Signs'),
(197, 'images/posters/village.jpg', 'images/posters/villageTH.jpg', 'The Village', '2004', 'PG-13', '108 min', 'Horror / Mystery / Drama', 'M. Night Shyamalan', 'Sigourney Weaver, William Hurt', 'The population of a small, isolated countryside village believe that their alliance with the mysterious creatures that inhabit the forest around them is coming to an end.', 'Village'),
(198, 'images/posters/crazies.jpg', 'images/posters/craziesTH.jpg', 'The Crazies', '2010', 'Rated R', '101 min', 'Horror / Mystery / Thriller', 'Breck Eisner', 'Radha Mitchell, Timothy Olyphant', 'About the inhabitants of a small Iowa town suddenly plagued by insanity and then death after a mysterious toxin contaminates their water supply.', 'Crazies'),
(199, 'images/posters/landDead.jpg', 'images/posters/landDeadTH.jpg', 'Land of the Dead', '2005', 'Rated R', '93 min', 'Horror', 'George A. Romero', 'John Leguizamo, Asia Argento', 'The living dead have taken over the world, and the last humans live in a walled city to protect themselves as they come to grips with the situation.', 'Land Of Dead'),
(200, 'images/posters/31.jpg', 'images/posters/31TH.jpg', '31', '2016', 'Rated R', '90 min', 'Horror / Thriller', 'Rob Zombie', 'Sheri Moon Zombie, Malcolm McDowell', 'Five people are kidnapped on the days leading up to Halloween and held hostage in a place called Murder World. While trapped, they must play a violent game called 31 where the mission is to survive 12 hours against a gang of evil clowns.', '31'),
(201, 'images/posters/freddy3.jpg', 'images/posters/freddy3TH.jpg', 'A Nightmare on Elm Street 3: Dream Warriors', '1987', 'Rated X', '96 min', 'Thriller', 'Chuck Russell', 'Heather Langenkamp, Robert Englund', 'Survivors of undead serial killer Freddy Krueger - who stalks his victims in their dreams - learn to take control of their own dreams in order to fight back.', ''),
(202, 'images/posters/freddy4.jpg', 'images/posters/freddy4TH.jpg', 'A Nightmare on Elm Street 4: The Dream Master', '1988', 'Rated R', '93 min', 'Thriller', 'Renny Harlin', 'Robert Englund, Rodney Eastman', 'Freddy Krueger returns once again to terrorize the dreams of the remaining Dream Warriors, as well as those of a young woman who may know the way to defeat him for good.', ''),
(203, 'images/posters/freddy5.jpg', 'images/posters/freddy5TH.jpg', 'A Nightmare on Elm Street 5: The Dream Child', '1989', 'Rated R', '89 min', 'Thriller', 'Stephen Hopkins', 'Robert Englund, Lisa Wilcox', 'Alice, having survived the previous installment of the Nightmare series, finds the deadly dreams of Freddy Krueger starting once again.', ''),
(204, 'images/posters/freddy6.jpg', 'images/posters/freddy6TH.jpg', 'Freddy is Dead: The Final Nightmare', '1991', 'Rated R', '89 min', 'Thriller', 'Rachel Talalay', 'Robert Englund, Lisa Zane', 'Freddy Krueger returns once again to haunt both the dreams of his daughter and Springwood''s last surviving teenager.', ''),
(205, 'images/posters/freddy2010.jpg', 'images/posters/freddy2010TH.jpg', 'A Nightmare on Elm Street', '2010', 'Rated R', '95 min', 'Thriller', 'Samuel Bayer', 'Jackie Earle Haley, Rooney Mara', 'The spectre of a dead child rapist haunts the children of the parents who murdered him, stalking and killing them in their dreams.', ''),
(206, 'images/posters/child2.jpg', 'images/posters/child2TH.jpg', 'Childs Play 2', '1990', 'Rated R', '84 min', 'Thriller', 'John Lafia', 'Alex Vincent, Jenny Agutter', 'Chucky''s back as the doll possessed by the soul of a serial killer, butchering all who stand in his way of possessing the body of a boy.', ''),
(207, 'images/posters/child3.jpg', 'images/posters/child3TH.jpg', 'Childs Play 3', '1991', 'Rated R', '90 min', 'Thriller', 'Jack Bender', 'Justin Whalin, Perrey Reeves', 'Chucky, the doll possessed by a serial killer, returns for revenge against Andy, the young boy that defeated him and has since become adult.', ''),
(208, 'images/posters/child4.jpg', 'images/posters/child4TH.jpg', 'Bride of Chucky', '1998', 'Rated R', '89 min', 'Thriller', 'Ronny Yu', 'Jennifer Tilly, Brad Dourif', 'Chucky, the doll possessed by a serial killer, discovers the perfect mate to kill and revive into the body of another doll.', ''),
(209, 'images/posters/child5.jpg', 'images/posters/child5TH.jpg', 'Seed of Chucky', '2004', 'Rated R', '87 min', 'Thriller', 'Don Mancini', 'Jennifer Tilly, Brad Dourif', 'Chuck (Brad Dourif) and Tiff (Jennifer Tilly) return, resurrected by their son (Billy Boyd), and hit Hollywood in the fifth film of the CHILD''S PLAY series.', ''),
(210, 'images/posters/child6.jpg', 'images/posters/child6TH.jpg', 'Curse of Chucky', '2013', 'Rated R', '97 min', 'Thriller', 'Don Mancini', 'Chantal Quesnelle, Fiona Dourif', 'After her mother''s mysterious death, Nica begins to suspect that the talking, red-haired doll her visiting niece has been playing with may be the key to recent bloodshed and chaos.', ''),
(211, 'images/posters/raiser2.jpg', 'images/posters/raiser2TH.jpg', 'Hellbound: Hellraiser II', '1988', 'Rated R', '97 min', 'Thriller', 'Tony Randel', 'Doug Bradley, Ashley Laurence', 'Kirsty is brought to an institution after the death of her family, where the occult-obsessive head resurrects Julia and unleashes the Cenobites once again.', ''),
(212, 'images/posters/raiser3.jpg', 'images/posters/raiser3TH.jpg', 'Hellraiser III: Hell on Earth', '1992', 'Rated R', '93 min', 'Horror', 'Anthony Hickox', 'Terry Farrell, Doug Bradley', 'An investigative reporter must send the newly unbound Pinhead and his legions back to Hell.', ''),
(213, 'images/posters/raiser4.jpg', 'images/posters/raiser4TH.jpg', 'Hellraiser: Bloodline', '1996', 'Rated R', '85 min', 'Sci-fi', 'Kevin Yagher', 'Bruce Ramsay, Valentina Vargas', 'In the 22nd century, a scientist attempts to right the wrong his ancestor created: the puzzle box that opens the gates of Hell and unleashes Pinhead and his Cenobite legions.', ''),
(214, 'images/posters/raiser5.jpg', 'images/posters/raiser5TH.jpg', 'Hellraiser: Inferno', '2000', 'Rated R', '99 min', 'Crime', 'Scott Derrickson', 'Craig Sheffer, Nicholas Turturro', 'A shady police detective becomes embroiled in a strange world of murder, sadism and madness after being assigned a murder investigation against a madman known only as "The Engineer".', ''),
(215, 'images/posters/raiser6.jpg', 'images/posters/raiser6TH.jpg', 'Hellraiser: Hellseeker', '2002', 'Rated R', '89 min', 'Mystery', 'Rick Bota', 'Dean Winters, Ashley Laurence', 'A shady businessman attempts to piece together the details of the car crash that killed his wife and rendered him an amnesiac-- and left him in possession of a sinister puzzle box that summons monsters.', ''),
(216, 'images/posters/raiser7.jpg', 'images/posters/raiser7TH.jpg', 'Hellraiser: Deader', '2005', 'Rated R', '88 min', 'Mystery', 'Rick Bota', 'Kari Wuhrer, Paul Rhys', 'A journalist uncovers an underground group who can bring back the dead and slowly becomes drawn into their world.\r\n', ''),
(217, 'images/posters/raiser8.jpg', 'images/posters/raiser8TH.jpg', 'Hellraiser: Hellworld', '2005', 'Rated R', '91 min', 'Horror', 'Rick Bota', 'Lance Henricksen, Katheryn Winnick', 'Gamers playing a MMORPG based on the "Hellraiser" franchise find their lives endangered after being invited to a rave whose host intends to show them the truth behind the Cenobite mythos.', ''),
(218, 'images/posters/raiser9.jpg', 'images/posters/raiser9TH.jpg', 'Hellraiser: Revelations', '2011', 'Rated R', '75 min', 'Horror', 'Victor Garcia', 'Fred Tatasciore, Nick Eversman', 'In this ninth installment of the Hellraiser franchise, two friends discover a puzzle box in Mexico, which opens a gateway to Hell.', '');

/*!40101 SET CHARACTER_SET_CLIENT=@OLD_CHARACTER_SET_CLIENT */;
/*!40101 SET CHARACTER_SET_RESULTS=@OLD_CHARACTER_SET_RESULTS */;
/*!40101 SET COLLATION_CONNECTION=@OLD_COLLATION_CONNECTION */;
